"Date","Close.Last","Volume","Open","High","Low"
2018-01-26,39,35689,38.71,39,38.71
2018-01-29,38.65,51742,38.79,38.79,38.51
2018-01-30,38.36,37211,38.32,38.48,38.23
2018-01-31,38.18,69296,38.44,38.44,38.04
2018-02-01,38.2,61361,37.98,38.28,37.96
2018-02-02,37.16,60004,37.72,37.76,37.02
2018-02-05,35.46,140574,37.1,37.28,35.29
2018-02-06,37.2,84267,35.99,37.23,35.86
2018-02-07,36.27,96319,36.5,36.84,36.18
2018-02-08,35.37,72619,36.21,36.23,35.37
2018-02-09,35.85,134250,35.5,35.85,34.62
2018-02-12,36.03,34724,35.72,36.1,35.62
2018-02-13,35.92,25619,35.79,35.97,35.64
2018-02-14,36.85,107829,35.57,36.86,35.51
2018-02-15,36.64,68456,36.68,36.68,36.14
2018-02-16,36.63,59323,36.53,36.88,36.44
2018-02-20,35.62,47479,35.56,35.76,35.51
2018-02-21,35.36,48870,35.58,35.88,35.35
2018-02-22,35.76,25432,35.71,36,35.63
2018-02-23,35.87,102616,36.15,36.25,35.25
2018-02-26,36.22,39096,36.04,36.24,35.9
2018-02-27,35.64,34377,35.94,35.96,35.6
2018-02-28,35.13,79299,35.48,35.48,35.1
2018-03-01,34.47,51225,34.79,34.82,34.2
2018-03-02,34.82,55032,34.47,34.87,34.37
2018-03-05,34.59,35918,33.82,34.59,33.78
2018-03-06,35,54998,34.83,35.05,34.71
2018-03-07,35.19,53372,34.88,35.36,34.81
2018-03-08,34.84,26374,35.01,35.06,34.75
2018-03-09,35.1,45664,35.03,35.11,34.93
2018-03-12,35.25,111783,35.07,35.32,35.07
2018-03-13,34.83,120788,35.38,35.38,34.71
2018-03-14,34.84,20734,35.11,35.11,34.64
2018-03-15,35.02,26912,34.82,35.09,34.73
2018-03-16,35.22,32673,35.11,35.35,35.11
2018-03-19,35.11,32603,35,35.14,34.82
2018-03-20,35.24,42722,35.04,35.34,35.04
2018-03-21,35.21,31997,35.39,35.42,35.1
2018-03-22,34.72,109279,34.96,35.12,34.68
2018-03-23,34.37,78095,34.78,34.82,34.32
2018-03-26,35.85,27368,35.61,35.87,35.32
2018-03-27,35.24,60061,35.94,35.94,35.05
2018-03-28,35.14,28243,35.12,35.43,34.96
2018-03-29,36.28,31044,36.44,36.5,36.13
2018-04-02,35.95,73630,36.11,36.3,35.41
2018-04-03,36.4,39901,36.32,36.47,36.13
2018-04-04,36.35,353032,35.53,36.35,35.53
2018-04-05,36.14,45005,36.27,36.29,36.13
2018-04-06,36.33,30920,36.33,36.55,36.2
2018-04-09,36.16,29772,36.26,36.47,36.11
2018-04-10,37.05,38925,37.25,37.27,36.95
2018-04-11,37.03,25380,36.96,37.25,36.96
2018-04-12,36.95,41742,36.91,37.07,36.89
2018-04-13,37.68,17182,37.53,37.68,37.42
2018-04-16,37.56,43094,37.55,37.6,37.39
2018-04-17,37.66,664820,37.54,37.73,37.48
2018-04-18,37.56,25931,37.38,37.61,37.38
2018-04-19,37.42,31151,37.55,37.55,37.31
2018-04-20,37.26,29510,37.31,37.35,37.17
2018-04-23,37.14,29910,37.19,37.21,36.97
2018-04-24,36.86,26451,36.95,37.24,36.76
2018-04-25,36.32,26030,36.31,36.43,36.19
2018-04-26,36.63,24697,36.63,36.75,36.26
2018-04-27,37.04,28452,36.81,37.1,36.79
2018-04-30,37.07,30132,37.03,37.22,37.01
2018-05-01,36.75,22649,36.9,37.05,36.64
2018-05-02,36.98,87326,37.35,37.36,36.98
2018-05-03,37.02,27763,37,37.1,36.75
2018-05-04,36.58,26897,36.16,36.67,36.16
2018-05-07,36.4,16628,36.4,36.5,36.3
2018-05-08,36.46,19235,36.26,36.46,36.25
2018-05-09,36.46,27816,36.39,36.55,36.29
2018-05-10,36.81,25957,36.52,36.81,36.42
2018-05-11,36.65,27622,36.63,36.82,36.61
2018-05-14,36.57,31216,36.59,36.69,36.52
2018-05-15,36.34,22906,36.23,36.51,36.16
2018-05-16,36.34,34852,36.34,36.5,36.17
2018-05-17,36.65,42856,36.71,36.88,36.6
2018-05-18,34.93,28730,34.84,35.05,34.79
2018-05-21,35.22,19233,35.17,35.34,35.03
2018-05-22,35.6,65547,35.87,35.88,35.59
2018-05-23,34.86,56885,34.83,34.86,34.59
2018-05-24,34.31,69289,33.89,34.31,33.81
2018-05-25,34.03,27502,33.81,34.05,33.63
2018-05-29,33.08,76515,33.1,34,32.87
2018-05-30,33.65,52829,33.26,33.67,33.15
2018-05-31,33.4,32760,33.35,33.46,33.1
2018-06-01,33.5,121494,33.64,33.7,33.4
2018-06-04,33.53,219078,33.76,33.85,33.49
2018-06-05,33.75,57477,33.9,34,33.7
2018-06-06,34.3,58738,33.93,34.32,33.8
2018-06-07,33.88,39879,34.27,34.27,33.76
2018-06-08,33.66,34859,33.55,33.74,33.36
2018-06-11,33.6,40349,33.27,33.72,33.2
2018-06-12,33.45,46707,33.61,33.65,33.36
2018-06-13,32.94,748200,33.25,33.29,32.67
2018-06-14,33.31,112087,33.33,33.57,33.28
2018-06-15,33.3,33417,33.14,33.32,33.06
2018-06-18,32.78,61642,32.6,32.81,32.56
2018-06-19,32.51,46585,32.29,32.55,32.24
2018-06-20,32.27,64921,32.46,32.46,32.24
2018-06-21,31.33,61842,31.46,31.47,31.19
2018-06-22,31.13,114022,31.24,31.27,30.69
2018-06-25,30.8,88676,30.75,30.86,30.64
2018-06-26,30.58,127763,30.44,30.67,30.26
2018-06-27,30.05,229830,30.59,30.77,30.05
2018-06-28,30,97389,29.9,30.08,29.78
2018-06-29,30.17,72382,30.17,30.36,30.1
2018-07-02,30.29,103830,30.21,30.34,30.03
2018-07-03,30.12,35306,30.39,30.39,30.11
2018-07-05,31.52,62992,31.52,31.57,30.3
2018-07-06,31.44,57535,31.36,31.56,31.23
2018-07-09,31.49,59735,31.4,31.52,31.32
2018-07-10,31.33,60987,31.33,31.38,31.21
2018-07-11,30.65,59304,30.77,30.91,30.61
2018-07-12,30.95,79126,30.92,31,30.86
2018-07-13,31.07,46105,30.99,31.07,30.88
2018-07-16,30.98,70870,30.86,31.01,30.84
2018-07-17,31.35,132041,30.96,31.44,30.96
2018-07-18,31.43,67029,31.38,31.48,31.27
2018-07-19,31.33,53490,31.24,31.39,31.15
2018-07-20,30.93,58896,30.71,31,30.62
2018-07-23,31.29,33288,31.09,31.29,31.09
2018-07-24,31.74,70336,32.02,32.08,31.67
2018-07-25,31.97,72860,31.32,32.06,30.91
2018-07-26,32.26,74304,32.33,32.44,32.17
2018-07-27,32.12,63816,32.11,32.29,32.05
2018-07-30,32.3,40984,32.26,32.45,32.26
2018-07-31,32.35,176039,32.43,32.52,32.3
2018-08-01,31.68,205805,31.68,31.87,31.6
2018-08-02,31.58,62970,31.39,31.63,31.25
2018-08-03,31.96,41294,31.95,32.03,31.83
2018-08-06,32.23,36602,32.24,32.32,32.1
2018-08-07,32.59,35487,32.8,32.8,32.52
2018-08-08,32.74,70113,32.67,32.78,32.6
2018-08-09,32.63,36243,32.85,32.88,32.62
2018-08-10,31.78,77841,31.76,31.88,31.63
2018-08-13,31.65,65309,31.91,31.91,31.6
2018-08-14,31.4,105250,31.27,31.5,31.18
2018-08-15,30.83,80821,30.79,30.91,30.54
2018-08-16,31.08,130500,31.07,31.24,31.05
2018-08-17,31.25,91331,30.85,31.29,30.78
2018-08-20,31.35,449574,31.29,31.42,31.22
2018-08-21,32.04,101057,31.92,32.17,31.81
2018-08-22,31.9,84948,31.62,31.96,31.59
2018-08-23,31.26,70675,31.27,31.44,31.22
2018-08-24,31.6,42188,31.39,31.6,31.3
2018-08-27,32.46,56666,32.22,32.49,32.2
2018-08-28,32.94,64049,33.1,33.13,32.91
2018-08-29,32.96,68831,32.61,32.96,32.56
2018-08-30,32.83,52519,32.84,33.04,32.75
2018-08-31,32.28,69030,32.5,32.59,32.13
2018-09-04,31.65,33912,31.47,31.67,31.4
2018-09-05,31.6,54810,31.78,31.8,31.46
2018-09-06,31.35,54225,31.45,31.53,31.18
2018-09-07,31.19,57454,31.21,31.42,31.1
2018-09-10,31.39,66987,31.54,31.55,31.28
2018-09-11,31.3,105866,31.12,31.36,31.08
2018-09-12,31.5,84630,31.15,31.67,31.15
2018-09-13,32.24,132037,32.26,32.4,32.08
2018-09-14,32.19,125462,32.24,32.35,32
2018-09-17,32.01,87186,32.17,32.22,31.97
2018-09-18,32.26,42982,32.24,32.34,32.14
2018-09-19,32.56,45468,32.36,32.63,32.35
2018-09-20,33.63,76199,33.45,33.64,33.33
2018-09-21,33.53,109212,33.67,33.71,33.45
2018-09-24,32.76,85183,33.01,33.04,32.73
2018-09-25,30.89,567947,31.28,31.4,30.87
2018-09-26,30.88,273064,30.65,31.14,30.61
2018-09-27,30.63,109235,30.62,30.85,30.55
2018-09-28,30.04,95294,30.06,30.19,29.92
2018-10-01,30.12,63442,30.32,30.46,30.1
2018-10-02,30.26,139063,30.31,30.39,30.16
2018-10-03,30.37,67868,30.58,30.58,30.32
2018-10-04,29.99,73685,30.33,30.37,29.87
2018-10-05,29.81,71021,29.98,29.98,29.65
2018-10-08,29.55,61855,29.42,29.59,29.26
2018-10-09,29.24,165623,29.13,29.33,28.95
2018-10-10,28.54,81543,28.99,29.07,28.5
2018-10-11,28.61,116285,28.92,28.93,28.33
2018-10-12,28.84,173977,28.98,29,28.38
2018-10-15,29.04,163262,29.16,29.28,28.98
2018-10-16,29.32,148013,29.15,29.35,29.14
2018-10-17,28.9,140701,28.95,29.12,28.68
2018-10-18,28.47,100553,28.96,29.08,28.39
2018-10-19,28.68,101998,28.16,28.77,28.13
2018-10-22,28.51,75513,28.54,28.6,28.33
2018-10-23,28.53,297234,28.38,28.73,27.92
2018-10-24,27.22,75560,27.8,27.84,27.14
2018-10-25,28.22,128887,28.13,28.36,28.02
2018-10-26,28.49,101185,28.18,28.7,28.02
2018-10-29,28.76,130544,29.4,29.44,28.39
2018-10-30,29.02,84727,29.04,29.18,28.77
2018-10-31,28.72,72777,28.77,29.11,28.69
2018-11-01,29.19,81936,29.11,29.24,28.94
2018-11-02,29.58,67810,29.67,29.8,29.34
2018-11-05,29.41,86761,29.53,29.61,29.24
2018-11-06,29.34,122860,29.23,29.38,29.11
2018-11-07,28.53,91450,28.54,28.56,28.21
2018-11-08,27.85,138901,28.19,28.21,27.8
2018-11-09,27.7,134863,27.56,27.77,27.52
2018-11-12,27.06,82686,27.26,27.29,27.05
2018-11-13,27.59,274364,27.21,27.82,27.21
2018-11-14,28.14,116355,28.56,28.56,27.88
2018-11-15,28.21,54868,27.82,28.27,27.65
2018-11-16,28.1,58919,27.82,28.17,27.76
2018-11-19,28.24,128883,28.38,28.45,28.16
2018-11-20,27.86,107790,28,28.11,27.8
2018-11-21,28.09,121369,27.95,28.28,27.87
2018-11-23,27.68,29713,27.6,27.78,27.6
2018-11-26,28.3,93622,28.3,28.49,28.16
2018-11-27,27.78,123750,28.31,28.31,27.6
2018-11-28,28.13,202743,27.88,28.19,27.51
2018-11-29,27.71,81269,27.59,27.76,27.45
2018-11-30,27.37,76125,27.1,27.37,27.1
2018-12-03,28.6,125507,28.71,28.82,28.36
2018-12-04,27.63,127764,28.4,28.44,27.6
2018-12-06,27.35,322315,27.32,27.51,27.15
2018-12-07,27.11,136027,27.25,27.52,27.02
2018-12-10,26.7,189363,26.69,26.76,26.34
2018-12-11,26.92,357108,27.31,27.31,26.75
2018-12-12,27.49,118301,27.49,27.69,27.42
2018-12-13,27.92,175252,28.09,28.11,27.84
2018-12-14,27.77,138634,27.79,28,27.76
2018-12-17,27.64,173603,27.89,28.03,27.53
2018-12-18,27.85,152107,28.01,28.07,27.72
2018-12-19,27.51,112630,27.92,28.25,27.35
2018-12-20,27.16,173513,27.39,27.46,27
2018-12-21,26.83,156968,27.04,27.25,26.73
2018-12-24,26.31,97713,26.67,27,26.29
2018-12-26,26.83,158911,26.73,27.08,26.05
2018-12-27,26.88,179689,26.57,26.88,26.23
2018-12-28,26.95,191980,26.93,27.09,26.8
2018-12-31,26.97,246400,26.89,27.34,26.75
2019-01-02,26.5,133864,26.18,26.52,26.17
2019-01-03,26.25,67134,26.35,26.35,26.18
2019-01-04,27.39,103357,26.84,27.43,26.83
2019-01-07,27.65,113203,27.52,27.71,27.45
2019-01-08,27.68,138635,28.03,28.05,27.53
2019-01-09,28.05,54398,28.06,28.16,27.85
2019-01-10,27.93,65250,27.77,27.99,27.7
2019-01-11,27.48,77629,27.34,27.56,27.3
2019-01-14,27.48,346756,27.35,27.57,27.35
2019-01-15,27.29,49781,27.3,27.39,27.15
2019-01-16,27.12,99698,27.17,27.23,27.07
2019-01-17,27.23,113776,27,27.45,26.95
2019-01-18,27.96,107940,27.92,28,27.75
2019-01-22,27.4,152385,27.46,27.6,27.34
2019-01-23,27.41,49173,27.44,27.54,27.32
2019-01-24,27.57,66541,27.51,27.74,27.46
2019-01-25,28.25,54846,28.25,28.44,28.2
2019-01-28,28.25,93126,28.18,28.29,28.09
2019-01-29,28.15,69491,28.35,28.35,28.15
2019-01-30,28.21,49636,27.94,28.27,27.84
2019-01-31,28.12,56465,27.8,28.2,27.8
2019-02-01,28.27,75904,28.27,28.43,28.19
2019-02-04,28.04,75592,27.96,28.05,27.82
2019-02-05,28.03,116190,28.08,28.08,27.96
2019-02-06,27.89,71593,27.98,28.02,27.88
2019-02-07,26.99,51193,27.34,27.34,26.92
2019-02-08,26.42,52978,26.5,26.5,26.16
2019-02-11,26.09,83041,26,26.2,25.97
2019-02-12,26.42,155629,26.36,26.51,26.35
2019-02-13,26.51,102240,26.55,26.6,26.45
2019-02-14,26.17,67967,26.24,26.36,26.12
2019-02-15,26.72,60942,26.67,26.76,26.54
2019-02-19,26.91,105555,26.62,26.95,26.58
2019-02-20,27.49,93495,27.45,27.67,27.38
2019-02-21,27.55,60912,27.68,27.73,27.47
2019-02-22,27.63,52156,27.67,27.84,27.57
2019-02-25,27.82,59181,28.22,28.22,27.82
2019-02-26,28.07,37032,27.94,28.12,27.93
2019-02-27,28.08,65052,28.18,28.21,27.96
2019-02-28,28.16,33681,28.15,28.24,28.06
2019-03-01,28.39,33032,28.49,28.5,28.3
2019-03-04,28.08,40031,28.29,28.29,27.94
2019-03-05,28.06,58409,28.22,28.34,27.89
2019-03-06,28.01,37274,28.09,28.11,27.98
2019-03-07,27.17,36444,27.46,27.46,27.05
2019-03-08,27.05,51924,26.8,27.1,26.75
2019-03-11,27.46,45891,27.17,27.47,27.17
2019-03-12,27.46,36015,27.52,27.56,27.35
2019-03-13,27.76,49025,27.58,27.79,27.58
2019-03-14,27.75,30990,27.92,27.95,27.69
2019-03-15,27.97,101248,27.96,28.03,27.81
2019-03-18,28.09,41692,28.05,28.09,27.93
2019-03-19,28.48,47747,28.83,28.9,28.46
2019-03-20,27.51,76241,27.16,27.67,27.12
2019-03-21,27.05,57621,26.98,27.09,26.84
2019-03-22,26.1,100254,26.29,26.32,26.02
2019-03-25,26.04,80957,26.01,26.14,25.94
2019-03-26,25.61,112580,25.62,26.09,25.54
2019-03-27,25.64,96162,25.76,25.81,25.4
2019-03-28,25.46,77571,25.53,25.57,25.33
2019-03-29,25.71,51322,25.61,25.75,25.48
2019-04-01,26.13,56889,26.16,26.18,26.03
2019-04-02,26.69,107566,26.64,26.75,26.51
2019-04-03,27.16,92874,27.19,27.25,27.11
2019-04-04,27.39,60585,27.46,27.57,27.3
2019-04-05,26.8,90352,27.67,27.74,26.77
2019-04-08,27.56,41689,27.61,27.67,27.53
2019-04-09,27.41,75674,27.43,27.53,27.39
2019-04-10,27.52,35534,27.44,27.61,27.39
2019-04-11,27.55,32902,27.62,27.7,27.48
2019-04-12,28.3,43839,28.31,28.45,28.26
2019-04-15,28.43,28339,28.51,28.53,28.4
2019-04-16,28.71,33690,28.72,28.78,28.68
2019-04-17,29.1,59358,29.19,29.23,29
2019-04-18,29.22,67806,29.11,29.22,29.04
2019-04-22,29.22,33337,28.98,29.25,28.98
2019-04-23,28.94,25762,28.99,29,28.88
2019-04-24,28.34,43261,28.48,28.51,28.29
2019-04-25,28.1,59945,28.3,28.3,28.06
2019-04-26,28.27,24774,28.19,28.37,28.08
2019-04-29,28.26,45306,28.2,28.3,28.14
2019-04-30,28.39,31658,28.25,28.42,28.16
2019-05-01,28.06,62852,28.39,28.65,28.03
2019-05-02,28.06,25418,28.23,28.25,28.06
2019-05-03,28.26,19797,28.02,28.28,28.01
2019-05-06,27.69,44976,27.18,27.77,27.18
2019-05-07,26.71,52537,27.08,27.08,26.59
2019-05-08,26.61,56677,26.37,26.76,26.31
2019-05-09,26.16,195003,25.76,26.29,25.66
2019-05-10,26.1,89499,25.9,26.22,25.7
2019-05-13,25.37,87567,25.2,25.53,25.16
2019-05-14,25.42,94256,25.37,25.46,25.15
2019-05-15,26.15,130086,24.76,26.74,24.75
2019-05-16,25.97,85900,26,26.04,25.81
2019-05-17,24.57,257799,24.53,24.72,24.5
2019-05-20,24.14,88068,24,24.22,23.92
2019-05-21,24.19,128317,24.05,24.25,23.92
2019-05-22,23.75,84708,23.82,23.92,23.75
2019-05-23,23.64,69804,23.45,23.72,23.4
2019-05-24,23.82,81418,23.75,23.85,23.69
2019-05-28,23.71,67811,23.97,24.11,23.64
2019-05-29,23.51,142592,23.41,23.56,23.39
2019-05-30,23.5,67484,23.45,23.5,23.39
2019-05-31,23.04,111482,22.97,23.15,22.87
2019-06-03,23.08,102045,22.93,23.08,22.93
2019-06-04,23.84,96338,23.65,23.89,23.65
2019-06-05,23.6,58722,23.76,23.76,23.5
2019-06-06,23.7,75513,23.55,23.72,23.23
2019-06-07,23.57,49497,23.55,23.69,23.48
2019-06-10,23.63,66981,23.79,23.79,23.61
2019-06-11,23.78,202241,23.82,23.9,23.71
2019-06-12,23.55,44774,23.75,23.75,23.53
2019-06-13,23.6,47334,23.6,23.71,23.51
2019-06-14,23.37,279243,23.5,23.5,23.27
2019-06-17,23.24,84681,23.46,23.46,23.24
2019-06-18,23.77,158063,23.56,23.81,23.56
2019-06-19,24.07,81970,23.98,24.14,23.97
2019-06-20,24.43,85313,24.35,24.45,24.25
2019-06-21,24.3,119786,24.32,24.4,24.29
2019-06-24,24.12,69196,24.33,24.33,24.11
2019-06-25,23.79,58702,24.11,24.11,23.78
2019-06-26,24.45,47660,24.41,24.56,24.35
2019-06-27,24.63,66810,24.77,24.79,24.57
2019-06-28,24.59,61618,24.59,24.71,24.53
2019-07-01,24.51,61581,24.88,24.93,24.43
2019-07-02,24.54,62218,24.72,24.72,24.52
2019-07-03,25.03,23749,25.02,25.07,24.92
2019-07-05,25.1,1527085,25.02,25.16,24.94
2019-07-08,24.86,86944,24.89,25,24.83
2019-07-09,24.83,1067777,24.64,24.83,24.55
2019-07-10,24.68,739871,24.72,24.74,24.55
2019-07-11,24.49,61231,24.65,24.65,24.42
2019-07-12,24.75,38386,24.85,24.85,24.66
2019-07-15,25.03,84924,25.14,25.19,24.99
2019-07-16,25.05,70330,24.98,25.11,24.98
2019-07-17,24.73,121368,25,25.04,24.7
2019-07-18,24.79,120354,24.75,24.86,24.66
2019-07-19,24.75,1463674,24.95,24.97,24.67
2019-07-22,24.72,183094,24.94,24.98,24.72
2019-07-23,25.83,72361,25.8,25.92,25.66
2019-07-24,26.01,60863,25.99,26.1,25.91
2019-07-25,25.54,76953,25.66,25.72,25.33
2019-07-26,25.45,30372,25.4,25.49,25.35
2019-07-29,25.28,31149,25.21,25.34,25.16
2019-07-30,24.83,47952,24.75,24.88,24.71
2019-07-31,24.5,53520,24.82,24.82,24.24
2019-08-01,24.48,62872,24.78,24.97,24.24
2019-08-02,23.88,213748,23.76,24.02,23.65
2019-08-05,23.54,192604,23.48,23.67,23.3
2019-08-06,23.42,198860,23.41,23.55,23.23
2019-08-07,23.39,107234,23.14,23.44,23.08
2019-08-08,23.26,55194,23.25,23.41,23.25
2019-08-09,22.84,81580,22.79,23,22.65
2019-08-12,22.65,45718,22.72,22.79,22.61
2019-08-13,22.81,126507,22.47,23.08,22.43
2019-08-14,22.02,158596,22.17,22.26,22.01
2019-08-15,21.75,204802,21.87,21.9,21.65
2019-08-16,22.12,131202,21.83,22.12,21.8
2019-08-19,22.27,71071,22.41,22.41,22.27
2019-08-20,22.02,190874,22.15,22.22,22.02
2019-08-21,22.4,47171,22.6,22.6,22.32
2019-08-22,22.39,67800,22.52,22.53,22.27
2019-08-23,21.61,85081,21.85,22.01,21.61
2019-08-26,22.05,85430,22.1,22.12,21.94
2019-08-27,21.9,110397,22.19,22.21,21.9
2019-08-28,21.99,41951,21.83,22.04,21.75
2019-08-29,22.2,51993,22.15,22.23,22.07
2019-08-30,22.32,28790,22.45,22.48,22.17
2019-09-03,22.1,57477,22.03,22.1,21.98
2019-09-04,22.47,157095,22.53,22.53,22.38
2019-09-05,22.88,62686,22.98,23.09,22.86
2019-09-06,22.79,65122,23.13,23.13,22.74
2019-09-09,23.28,64529,23.17,23.28,23.15
2019-09-10,23.39,71035,23.63,23.63,23.37
2019-09-11,23.38,58253,23.44,23.46,23.21
2019-09-12,23.77,35891,23.53,23.84,23.46
2019-09-13,23.94,102676,24.16,24.16,23.9
2019-09-16,23.82,36268,23.75,23.89,23.73
2019-09-17,23.77,44154,23.5,23.78,23.48
2019-09-18,23.8,34285,23.71,23.85,23.64
2019-09-19,23.81,27406,23.9,23.92,23.8
2019-09-20,23.79,33238,23.88,23.89,23.77
2019-09-23,23.4,24724,23.3,23.44,23.27
2019-09-24,23.23,83802,23.41,23.42,23.15
2019-09-25,23.13,77720,22.94,23.14,22.86
2019-09-26,23,59300,23.08,23.08,22.95
2019-09-27,23.11,43236,23.13,23.2,23.06
2019-09-30,23.4,41209,23.38,23.47,23.33
2019-10-01,23.38,31277,23.68,23.76,23.32
2019-10-02,22.99,80528,23.01,23.15,22.94
2019-10-03,23.08,50646,23,23.18,22.75
2019-10-04,22.86,47702,22.61,22.89,22.61
2019-10-07,22.85,53416,22.75,22.97,22.74
2019-10-08,22.52,54410,22.5,22.65,22.44
2019-10-09,22.8,39088,22.85,22.85,22.71
2019-10-10,23.15,115811,23,23.26,22.99
2019-10-11,23.73,52752,23.76,23.85,23.72
2019-10-14,23.83,41115,23.77,23.86,23.73
2019-10-15,24.5,83050,24.03,24.55,24.01
2019-10-16,24.72,102676,24.82,24.83,24.7
2019-10-17,24.8,58068,25.36,25.41,24.8
2019-10-18,25.09,117080,25.09,25.1,24.94
2019-10-21,25.17,58077,25.35,25.35,25.1
2019-10-22,25.2,30349,25.2,25.4,25.2
2019-10-23,25.46,20751,25.54,25.56,25.35
2019-10-24,25.51,35698,25.68,25.68,25.42
2019-10-25,25.59,25278,25.56,25.69,25.55
2019-10-28,25.83,26582,25.89,25.98,25.78
2019-10-29,25.84,54477,25.75,25.85,25.73
2019-10-30,25.76,24402,25.5,25.77,25.47
2019-10-31,25.49,36131,25.4,25.52,25.34
2019-11-01,25.8,60890,25.8,25.88,25.72
2019-11-04,26.46,82621,26.56,26.62,26.43
2019-11-05,26.7,79107,26.87,26.94,26.61
2019-11-06,27.02,33093,26.86,27.11,26.77
2019-11-07,27.31,26498,27.42,27.44,27.27
2019-11-08,27.57,59692,27.5,27.58,27.44
2019-11-11,27.55,113722,27.51,27.64,27.51
2019-11-12,27.35,19492,27.53,27.53,27.35
2019-11-13,26.97,33794,26.92,27.01,26.86
2019-11-14,26.95,21576,26.93,26.97,26.85
2019-11-15,27.37,26595,27.32,27.41,27.31
2019-11-18,26.99,29692,26.83,27.04,26.8
2019-11-19,27.03,28302,27.25,27.27,26.99
2019-11-20,26.84,32189,26.93,26.99,26.77
2019-11-21,27.1,32716,27.04,27.13,26.95
2019-11-22,27.19,21928,27.28,27.3,27.03
2019-11-25,27.23,23117,27.17,27.25,27.15
2019-11-26,27.07,14951,27.06,27.1,26.99
2019-11-27,27.43,99400,27.32,27.43,27.27
2019-11-29,26.87,15593,26.87,26.91,26.83
2019-12-02,26.55,60688,26.68,26.68,26.46
2019-12-03,26.73,70591,26.46,26.73,26.35
2019-12-04,26.85,99647,26.77,26.92,26.73
2019-12-05,26.96,48928,27.05,27.05,26.88
2019-12-06,27.21,36215,27.14,27.21,27.07
2019-12-09,26.88,54521,27.03,27.09,26.88
2019-12-10,27,52349,26.82,27.08,26.77
2019-12-11,27.48,31064,27.37,27.48,27.32
2019-12-12,27.78,39730,27.45,27.86,27.45
2019-12-13,28.13,35570,28.51,28.55,28.06
2019-12-16,28.2,51849,28.15,28.27,28.12
2019-12-17,27.79,34693,27.88,27.91,27.78
2019-12-18,27.77,51516,27.75,27.82,27.7
2019-12-19,27.39,45087,27.32,27.43,27.22
2019-12-20,27.32,71694,27.34,27.36,27.24
2019-12-23,26.96,104852,26.99,27.17,26.87
2019-12-24,26.97,50268,26.86,27.04,26.86
2019-12-26,27.05,49187,26.87,27.05,26.84
2019-12-27,27.17,57862,27.37,27.4,27.17
2019-12-30,26.93,35326,27.5,27.5,26.93
2019-12-31,27.12,17304,27.28,27.28,26.91
2020-01-02,27.76,57426,27.68,27.8,27.58
2020-01-03,27.2,23240,27.15,27.39,27
2020-01-06,27.25,24284,26.98,27.27,26.95
2020-01-07,27.46,32377,27.46,27.51,27.42
2020-01-08,27.73,48984,27.49,27.84,27.45
2020-01-09,27.54,32934,27.67,27.69,27.47
2020-01-10,27.53,62581,27.59,27.65,27.47
2020-01-13,27.34,41863,27.25,27.34,27.18
2020-01-14,27.12,24790,27.04,27.18,27.04
2020-01-15,26.72,26587,26.71,26.87,26.69
2020-01-16,26.47,35248,26.38,26.48,26.33
2020-01-17,26.21,83218,26.28,26.29,26.16
2020-01-21,26.31,66061,26.47,26.48,26.29
2020-01-22,26.18,29607,26.32,26.32,26.13
2020-01-23,25.69,218752,25.74,25.79,25.6
2020-01-24,25.35,47383,25.7,25.7,25.31
2020-01-27,24.84,45174,24.9,24.96,24.79
2020-01-28,24.54,58641,24.49,24.64,24.47
2020-01-29,24.37,36318,24.36,24.47,24.27
2020-01-30,24.23,62715,24.06,24.24,23.98
2020-01-31,23.64,103818,23.83,23.86,23.56
2020-02-03,23.66,51660,23.62,23.79,23.6
2020-02-04,23.96,67310,23.96,23.98,23.8
2020-02-05,24.36,46654,24.32,24.37,24.18
2020-02-06,24.24,35914,24.45,24.46,24.16
2020-02-07,23.52,94322,23.52,23.63,23.46
2020-02-10,23.2,96621,23.23,23.27,23.12
2020-02-11,23.39,30896,23.39,23.46,23.37
2020-02-12,24.31,63416,24.25,24.37,24.17
2020-02-13,24,42944,24.11,24.16,23.97
2020-02-14,23.79,48019,23.99,23.99,23.75
2020-02-18,23.49,34605,23.58,23.69,23.45
2020-02-19,23.56,101756,23.45,23.6,23.4
2020-02-20,23.62,31223,23.79,23.79,23.5
2020-02-21,23.28,41345,23.38,23.38,23.22
2020-02-24,22.16,165638,22.01,22.29,22
2020-02-25,21.87,116609,22.25,22.3,21.84
2020-02-26,22.09,115356,22.32,22.46,22.03
2020-02-27,21.53,169075,21.75,22.18,21.51
2020-02-28,21.64,222982,21.02,21.78,21
2020-03-02,21.85,111114,21.69,21.85,21.25
2020-03-03,21.22,258257,21.69,21.86,21.08
2020-03-04,22,129938,21.73,22.07,21.59
2020-03-05,21.53,114270,21.48,21.78,21.45
2020-03-06,21.68,124448,21.27,21.86,21.27
2020-03-09,19.14,176392,19.81,20.16,19.03
2020-03-10,19.72,289577,19.91,19.91,19.05
2020-03-11,18.85,130017,19.43,19.56,18.76
2020-03-12,16.65,537390,17.64,17.64,16.15
2020-03-13,17.65,288972,18.1,18.12,16.64
2020-03-16,14.88,578336,14.85,16.1,14.75
2020-03-17,14.69,304648,14.58,14.93,14.25
2020-03-18,14.2,302211,14.05,14.5,13.8
2020-03-19,13.41,243870,13.88,13.93,13.26
2020-03-20,14.3,204064,14.21,15,14.2
2020-03-23,14.3,232901,14.21,14.6,13.94
2020-03-24,16.31,215420,15.74,16.42,15.5
2020-03-25,16.85,225379,16.48,17.17,16.07
2020-03-26,17.57,123821,16.97,17.57,16.85
2020-03-27,16.82,122133,16.78,17.2,16.61
2020-03-30,17.04,293971,16.5,17.04,16.25
2020-03-31,17.1,231309,16.99,17.5,16.96
2020-04-01,16.04,266288,16.3,16.45,15.93
2020-04-02,16.4,155596,15.99,16.52,15.99
2020-04-03,16.09,126697,16.2,16.24,15.9
2020-04-06,17.76,235659,17.09,17.82,17.05
2020-04-07,17.88,220319,18.35,18.46,17.7
2020-04-08,17.9,147843,18.14,18.17,17.75
2020-04-09,18.69,158063,18.48,18.82,18.38
2020-04-13,18.25,106239,18.99,18.99,17.87
2020-04-14,18.84,222886,18.82,19.1,18.77
2020-04-15,17.71,133500,17.99,18.02,17.63
2020-04-16,17.87,107985,17.8,17.98,17.66
2020-04-17,19.04,113327,18.75,19.08,18.63
2020-04-20,18.3,295580,18.24,18.73,18.14
2020-04-21,17.61,158039,17.72,18.02,17.57
2020-04-22,17.73,84530,17.76,17.81,17.58
2020-04-23,17.77,70961,17.73,18.32,17.69
2020-04-24,17.71,71951,17.77,17.85,17.48
2020-04-27,18.49,117738,18.04,18.65,18.04
2020-04-28,18.83,119977,19.24,19.27,18.8
2020-04-29,20.2,107605,20,20.3,19.98
2020-04-30,19.66,62013,19.61,19.85,19.43
2020-05-01,19.1,80829,19.42,19.6,19.1
2020-05-04,18.91,71277,18.75,19.08,18.73
2020-05-05,19.02,95054,19.17,19.45,19.02
2020-05-06,18.08,72982,18.44,18.56,18
2020-05-07,17.75,94339,17.78,17.9,17.63
2020-05-08,18.51,94344,18.33,18.53,18.22
2020-05-11,18.62,97486,18.49,18.65,18.4
2020-05-12,18.14,156660,18.65,18.65,18.14
2020-05-13,17.37,74452,17.95,18.07,17.25
2020-05-14,17.14,88374,16.61,17.14,16.4
2020-05-15,17.65,106089,16.78,17.75,16.78
2020-05-18,19.01,161632,17.96,19.41,17.86
2020-05-19,18.3,136512,18.43,18.48,18.12
2020-05-20,19.62,129996,18.9,19.62,18.76
2020-05-21,19.04,69947,19.46,19.46,18.81
2020-05-22,18.3,89174,18.43,18.48,18.12
2020-05-26,18.99,336583,18.99,18.99,18.99
2020-05-27,20.23,321718,20.09,20.3,19.69
2020-05-28,19.78,75600,20,20.1,19.78
2020-05-29,19.67,40892,19.55,19.76,19.37
2020-06-01,20.26,53456,19.68,20.31,19.68
2020-06-02,20.69,56813,20.6,20.79,20.49
2020-06-03,21.83,135859,21.46,21.88,21.46
2020-06-04,21.91,122987,21.6,22.03,21.54
2020-06-05,22.33,192404,22.51,22.72,22.28
2020-06-08,23.08,105901,23.07,23.1,22.72
2020-06-09,22.41,135832,22.43,22.68,22.29
2020-06-10,22.36,33402,22.44,22.67,22.22
2020-06-11,20.61,98854,21.18,21.5,20.5
2020-06-12,21.23,32673,21.32,21.57,20.79
2020-06-15,21.4,36986,20.68,21.58,20.57
2020-06-16,21.4,46809,21.64,21.72,21.1
2020-06-17,21.35,20400,21.42,21.54,21.21
2020-06-18,21.39,24476,21.27,21.54,21.19
2020-06-19,21.06,32129,21.48,21.57,21
2020-06-22,21.75,43140,21.62,21.78,21.47
2020-06-23,21.83,51631,22.43,22.53,21.83
2020-06-24,20.89,153973,21.51,21.59,20.89
2020-06-25,21.65,64090,21.25,21.65,21.09
2020-06-26,20.8,32750,21.15,21.15,20.7
2020-06-29,21.21,61536,21.03,21.29,20.91
2020-06-30,21.34,119569,20.89,21.41,20.86
2020-07-01,21.22,25571,21.02,21.35,21.02
2020-07-02,21.56,48568,21.84,22.08,21.56
2020-07-06,22,42162,22.04,22.16,21.75
2020-07-07,21.79,19456,22.2,22.23,21.79
2020-07-08,22.13,19847,21.75,22.13,21.75
2020-07-09,21.76,24917,22.16,22.29,21.53
2020-07-10,22.21,18927,21.84,22.24,21.81
2020-07-13,21.75,80437,22.22,22.35,21.75
2020-07-14,22.14,29735,22.01,22.14,21.78
2020-07-15,22.27,22897,22.3,22.43,22.14
2020-07-16,22.54,73806,22.44,22.63,22.22
2020-07-17,22.8,31957,22.82,22.97,22.67
2020-07-20,22.61,28826,22.65,22.84,22.41
2020-07-21,23.18,114648,23.27,23.39,23.15
2020-07-22,23.3,98629,22.94,23.38,22.94
2020-07-23,23.22,149959,23.7,23.78,23.21
2020-07-24,23.33,62202,23.27,23.39,23.2
2020-07-27,23.46,27582,23.43,23.58,23.38
2020-07-28,23.18,73935,23.35,23.41,23.17
2020-07-29,22.93,79293,22.73,22.99,22.62
2020-07-30,22.31,55671,22,22.34,21.8
2020-07-31,21.45,76229,21.89,21.89,21.22
2020-08-03,22,43181,21.79,22.09,21.73
2020-08-04,22.81,62408,22.36,22.9,22.34
2020-08-05,22.07,58682,21.89,22.19,21.87
2020-08-06,21.9,31694,21.77,21.98,21.64
2020-08-07,21.6,31273,21.49,21.75,21.47
2020-08-10,21.7,25153,21.52,21.73,21.47
2020-08-11,22.55,67888,22.97,23,22.55
2020-08-12,23.14,29918,23.39,23.42,23.06
2020-08-13,22.83,29975,23.05,23.15,22.76
2020-08-14,22.8,34767,22.72,22.97,22.69
2020-08-17,22.87,55058,22.96,22.96,22.8
2020-08-18,22.87,36921,22.96,22.99,22.69
2020-08-19,22.82,33885,22.91,23.1,22.81
2020-08-20,22.66,18631,22.49,22.7,22.44
2020-08-21,22.3,29996,22.12,22.32,22.1
2020-08-24,22.82,33097,22.68,22.91,22.67
2020-08-25,22.86,35018,22.77,22.86,22.68
2020-08-26,23.42,54444,23.18,23.42,23.18
2020-08-27,23.38,53078,23.81,23.81,23.3
2020-08-28,23.64,41925,23.65,23.68,23.5
2020-08-31,23.98,42639,24.34,24.34,23.91
2020-09-01,23.78,25491,23.9,23.94,23.74
2020-09-02,24,38009,23.83,24,23.76
2020-09-03,23.8,30092,24.16,24.29,23.75
2020-09-04,24.5,44066,24.28,24.6,23.9
2020-09-08,24.63,65626,24.49,24.94,24.49
2020-09-09,25.03,104719,25.08,25.16,25
2020-09-10,24.82,49020,25.42,25.52,24.78
2020-09-11,25.27,29342,25.07,25.41,25.02
2020-09-14,25.27,66904,25.41,25.41,25.16
2020-09-15,25.29,49512,25.66,25.66,25.27
2020-09-16,25.24,63743,25.28,25.46,25.22
2020-09-17,25.57,43914,25.29,25.59,25.29
2020-09-18,25.17,39193,25.32,25.41,25.02
2020-09-21,23.9,56069,23.99,23.99,23.46
2020-09-22,23.83,55310,23.92,23.92,23.56
2020-09-23,23.41,79231,23.99,24.05,23.41
2020-09-24,23.58,44954,23.43,23.69,23.28
2020-09-25,23.07,41788,22.88,23.1,22.78
2020-09-28,24.02,53995,23.8,24.02,23.76
2020-09-29,24.15,23340,24.15,24.22,23.98
2020-09-30,24.22,52124,24.18,24.45,24.08
2020-10-01,24.45,31799,24.5,24.59,24.32
2020-10-02,24.39,31388,24.06,24.44,24.06
2020-10-05,25.2,30346,25.12,25.2,25.02
2020-10-06,25.1,43459,25.63,25.69,25.07
2020-10-07,25.78,23321,25.25,25.79,25.24
2020-10-08,25.76,20873,25.78,25.84,25.73
2020-10-09,25.48,16426,25.7,25.7,25.27
2020-10-12,25.64,19292,25.46,25.69,25.42
2020-10-13,25.09,29736,25.12,25.22,24.97
2020-10-14,24.95,14293,25.09,25.19,24.85
2020-10-15,24.24,31890,23.84,24.32,23.81
2020-10-16,24.65,47446,24.58,24.8,24.55
2020-10-19,24.68,70888,24.7,25.2,24.6
2020-10-20,25.17,60037,25.14,25.33,25.1
2020-10-21,25.16,43205,25.28,25.43,25.06
2020-10-22,25.2,29551,25.05,25.34,25.04
2020-10-23,25.26,22557,25.4,25.4,25.07
2020-10-26,24.84,18873,24.96,25.03,24.69
2020-10-27,24.06,31458,24.44,24.44,24.01
2020-10-28,22.52,75276,22.7,22.85,22.4
2020-10-29,22.78,32722,22.63,22.88,22.48
2020-10-30,22.83,23885,22.77,22.83,22.56
2020-11-02,23.13,32108,23.16,23.27,22.9
2020-11-03,24.34,54343,23.99,24.59,23.92
2020-11-04,24.2,54408,24.29,24.5,24.14
2020-11-05,25.33,27449,25.19,25.44,25.12
2020-11-06,25.26,40225,25.16,25.31,25.04
2020-11-09,26.36,81735,27.01,27.05,26.36
2020-11-10,27.34,84405,27.04,27.41,27.04
2020-11-11,27.6,49632,27.6,27.67,27.43
2020-11-12,27.51,69678,27.49,27.85,27.45
2020-11-13,27.91,39872,27.78,28,27.76
2020-11-16,28.73,51821,28.64,28.75,28.44
2020-11-17,28.82,53062,28.72,28.92,28.57
2020-11-18,28.9,60766,28.9,29.21,28.87
2020-11-19,29.35,119830,29.02,29.36,28.97
2020-11-20,29.21,36000,29.26,29.27,29.12
2020-11-23,29.27,72279,29.32,29.38,29.06
2020-11-24,30.4,41962,29.89,30.44,29.87
2020-11-25,29.95,37884,29.98,30.01,29.61
2020-11-27,29.07,21751,29.2,29.31,29.02
2020-11-30,28.99,93584,29.44,29.46,28.99
2020-12-01,30.03,34298,29.75,30.14,29.66
2020-12-02,29.98,27679,29.79,30,29.62
2020-12-03,29.9,34103,29.95,30.13,29.72
2020-12-04,30.22,26796,30.33,30.34,30.09
2020-12-07,29.75,71046,29.88,29.9,29.71
2020-12-08,29.5,53357,29.49,29.65,29.47
2020-12-09,29.41,19985,29.68,29.75,29.31
2020-12-10,28.9,63629,28.92,29.04,28.77
2020-12-11,28.56,35478,28.61,28.64,28.32
2020-12-14,29.04,35260,29.27,29.36,29.04
2020-12-15,30.04,30803,29.67,30.09,29.67
2020-12-16,30.31,45047,30.56,30.56,30.07
2020-12-17,30.25,28812,30.5,30.55,30.14
2020-12-18,30.34,46163,30.46,30.46,30.15
2020-12-21,29.75,41228,29.12,29.84,28.97
2020-12-22,29.23,27049,29.56,29.56,29.16
2020-12-23,29.88,18307,29.53,29.99,29.53
2020-12-24,29.95,14856,29.92,30,29.74
2020-12-28,29.89,30613,30.03,30.22,29.88
2020-12-29,29.75,21074,29.85,29.88,29.7
2020-12-30,29.47,17417,29.58,29.67,29.41
2020-12-31,29.35,34463,29.7,30.37,28.97
2021-01-04,29.21,56290,29.89,29.97,29.04
2021-01-05,29.1,27238,28.99,29.21,28.88
2021-01-06,29.17,80951,28.96,29.3,28.92
2021-01-07,29.12,44622,29.27,29.35,28.97
2021-01-08,28.88,48910,28.85,28.88,28.56
2021-01-11,28.13,65774,27.97,28.23,27.83
2021-01-12,28.5,63566,28.06,28.51,27.94
2021-01-13,28.05,33791,28.13,28.18,28.01
2021-01-14,28.3,30916,28.34,28.51,28.19
2021-01-15,27.85,82315,28,28.06,27.68
2021-01-19,27.75,59686,28.03,28.03,27.63
2021-01-20,28.7,44207,28.27,28.7,28.26
2021-01-21,29.02,38391,28.75,29.02,28.6
2021-01-22,28.96,28895,29.1,29.15,28.92
2021-01-25,28.6,58043,28.54,28.6,28.16
2021-01-26,29.29,38821,29.57,29.62,29.22
2021-01-27,28.6,51539,28.88,29.48,28.44
2021-01-28,28.85,42406,28.46,28.86,28.46
2021-01-29,28.32,51116,28.61,28.71,28.15
2021-02-01,28.29,43830,28.17,28.35,28.1
2021-02-02,28.85,41836,28.82,28.85,28.62
2021-02-03,28.94,73874,29,29.12,28.85
2021-02-04,28.37,51829,28.54,28.55,28.25
2021-02-05,28.16,50697,28.33,28.38,28.08
2021-02-08,28.18,70091,28.31,28.49,28.04
2021-02-09,28.39,280908,28.13,28.45,28.04
2021-02-10,28.25,35369,28.52,28.59,28.2
2021-02-11,28.6,36697,28.7,28.84,28.45
2021-02-12,28.55,36243,28.25,28.55,28.25
2021-02-16,28.66,40470,28.78,28.78,28.55
2021-02-17,28.61,35725,28.68,28.76,28.45
2021-02-18,28.76,30910,28.9,28.9,28.54
2021-02-19,28.88,32947,29.05,29.12,28.82
2021-02-22,28.89,73334,28.61,29.06,28.51
2021-02-23,28.27,50827,28.43,28.43,27.9
2021-02-24,28.74,33482,28.51,28.74,28.39
2021-02-25,28.82,77407,29.49,29.62,28.74
2021-02-26,28.89,62757,29.03,29.09,28.73
2021-03-01,28.99,129223,28.9,29.15,28.83
2021-03-02,29.3,54087,29.38,29.64,29.07
2021-03-03,30.51,66174,30.04,30.69,30.04
2021-03-04,30.29,69285,30.56,30.74,30.08
2021-03-05,30.37,40588,30.53,30.57,30.04
2021-03-08,31.57,87794,30.92,31.62,30.8
2021-03-09,31.63,118039,31.42,31.69,31.35
2021-03-10,32.37,53119,32.02,32.43,31.94
2021-03-11,31.29,76881,31.51,31.66,31.1
2021-03-12,31.18,48785,30.81,31.18,30.62
2021-03-15,31.13,62102,31.24,31.27,30.92
2021-03-16,31.95,151351,32.08,32.13,31.87
2021-03-17,34.35,169793,33.6,34.45,33.42
2021-03-18,33.8,210010,35.01,35.01,33.75
2021-03-19,32.87,82718,33.25,33.25,32.62
2021-03-22,33.68,80802,33.65,33.84,33.52
2021-03-23,32.88,41436,33.6,33.6,32.87
2021-03-24,32.52,34344,32.58,32.83,32.39
2021-03-25,32.97,43450,32.41,33.02,32.26
2021-03-26,33.12,31417,33.08,33.16,32.89
2021-03-29,33.69,70035,33.45,33.81,33.45
2021-03-30,34.64,78621,34.2,35,34.15
2021-03-31,34.6,38117,34.6,34.77,34.34
2021-04-01,34.99,49916,34.78,35,34.68
2021-04-05,35.91,115596,35,36,34.84
2021-04-06,35.44,108432,35.54,35.55,35.28
2021-04-07,35.37,46706,35.29,35.46,35.19
2021-04-08,35.06,41611,34.87,35.11,34.6
2021-04-09,35.05,68787,34.83,35.08,34.77
2021-04-12,35.33,43963,35.34,35.41,35.23
2021-04-13,35.25,51109,35.35,35.42,35.07
2021-04-14,34.72,44506,34.82,34.95,34.65
2021-04-15,34.94,24062,35.03,35.03,34.83
2021-04-16,35.4,46153,35.28,35.48,35.18
2021-04-19,35.4,66250,35.48,36.99,35.11
2021-04-20,34.74,50637,35.08,35.08,34.38
2021-04-21,34.32,36905,33.69,34.39,33.58
2021-04-22,34.26,41006,34.6,34.65,34.16
2021-04-23,34.81,55976,34.48,34.92,34.42
2021-04-26,34.91,43309,34.85,34.95,34.72
2021-04-27,34.76,37772,34.69,34.79,34.6
2021-04-28,34.66,53723,34.83,34.83,34.59
2021-04-29,34.01,76585,34.23,34.23,33.61
2021-04-30,33.34,35688,33.82,33.86,33.29
2021-05-03,33.92,32234,33.78,33.98,33.77
2021-05-04,32.93,60037,33.24,33.33,32.72
2021-05-05,33.22,70143,33.14,33.33,33
2021-05-06,33.63,38591,33.6,33.69,33.37
2021-05-07,34.06,31524,33.84,34.12,33.78
2021-05-10,34.26,33031,34.69,34.69,34.26
2021-05-11,34.07,28044,34.26,34.44,33.68
2021-05-12,33.98,25215,34.01,34.09,33.74
2021-05-13,33.17,40265,33.05,33.2,32.84
2021-05-14,34.06,29225,33.83,34.06,33.73
2021-05-17,34.38,25068,34.15,34.45,34.1
2021-05-18,34.54,30475,34.36,34.64,34.23
2021-05-19,34.1,25400,34.13,34.23,33.77
2021-05-20,34.89,23042,34.29,34.98,34.24
2021-05-21,34.76,21935,34.85,34.85,34.55
2021-05-24,35.12,35861,34.87,35.25,34.7
2021-05-25,35.18,31804,35.31,35.43,35
2021-05-26,35.26,23684,34.97,35.27,34.91
2021-05-27,35.72,41013,35.42,35.8,35.42
2021-05-28,35.46,13536,35.55,35.55,35.38
2021-06-01,36.34,49452,36.09,36.4,36.09
2021-06-02,36.75,29416,36.8,36.87,36.69
2021-06-03,38,61836,37.87,38.1,37.66
2021-06-04,38.4,26998,38.33,38.42,38.11
2021-06-07,39.11,76739,38.71,39.63,38.71
2021-06-08,38.87,28691,38.81,38.89,38.62
2021-06-09,38.5,70514,38.62,38.63,38.31
2021-06-10,37.78,46832,37.96,38.2,37.69
2021-06-11,38.32,49764,38.09,38.36,38.08
2021-06-14,38.47,47829,38.2,38.48,38.2
2021-06-15,38.23,15594,38.2,38.29,38.16
2021-06-16,37.48,75985,37.57,37.79,37.25
2021-06-17,37.04,107896,37.37,37.46,36.9
2021-06-18,36.09,36200,36.36,36.36,35.87
2021-06-21,37.15,48087,36.69,37.18,36.62
2021-06-22,37.1,33147,36.98,37.18,36.8
2021-06-23,36.49,21776,36.9,37.01,36.45
2021-06-24,36.83,62250,36.91,37.02,36.78
2021-06-25,36.83,13396,36.72,36.95,36.72
2021-06-28,36.18,40598,36.58,36.58,36.1
2021-06-29,36.29,28529,36.48,36.48,36.21
2021-06-30,35.49,36019,35.58,35.65,35.36
2021-07-01,35.66,22922,35.48,35.75,35.41
2021-07-02,35.68,27763,35.79,35.79,35.5
2021-07-06,34,59262,34.65,34.65,33.91
2021-07-07,34.06,36454,33.91,34.13,33.83
2021-07-08,33.39,33774,33.41,33.53,33.06
2021-07-09,34.7,77531,34.44,34.82,34.33
2021-07-12,35.16,41329,34.82,35.23,34.69
2021-07-13,34.69,35072,35.04,35.07,34.62
2021-07-14,34.97,16615,35,35.12,34.86
2021-07-15,34.47,32667,34.42,34.47,34.26
2021-07-16,33.55,36486,34.23,34.29,33.5
2021-07-19,32.5,50703,32.71,32.73,32.3
2021-07-20,32.8,50755,32.32,32.89,32.2
2021-07-21,33.24,25482,33.11,33.5,33.06
2021-07-22,32.75,112011,33.23,33.39,32.74
2021-07-23,33.57,40597,33.7,33.7,33.46
2021-07-26,33.69,29763,33.48,33.69,33.26
2021-07-27,33.16,38739,33.01,33.17,32.81
2021-07-28,33.02,24138,33.03,33.06,32.79
2021-07-29,33.64,28809,33.53,33.7,33.47
2021-07-30,33.17,33689,33.25,33.44,33.1
2021-08-02,33.54,21090,33.68,33.89,33.47
2021-08-03,32.04,72002,32.17,32.17,31.81
2021-08-04,32.13,31844,32.3,32.37,32.05
2021-08-05,32.01,16238,31.81,32.11,31.81
2021-08-06,32.21,14514,32.37,32.37,32.17
2021-08-09,32.08,64224,32.06,32.14,31.83
2021-08-10,32.1,66370,32.13,32.15,31.92
2021-08-11,32.28,34255,32.15,32.37,32.15
2021-08-12,32.63,52840,32.4,32.72,32.35
2021-08-13,32.71,72885,32.58,32.86,32.58
2021-08-16,32.28,88979,32.18,32.31,31.86
2021-08-17,31.45,42494,31.64,31.64,31.3
2021-08-18,31,44368,30.99,31.32,30.92
2021-08-19,30.25,44216,30.31,30.31,30.1
2021-08-20,30.08,35784,29.78,30.12,29.63
2021-08-23,30.13,46838,30.16,30.25,29.99
2021-08-24,30.79,66750,30.66,30.91,30.66
2021-08-25,30.59,37850,30.87,30.87,30.59
2021-08-26,30.47,31811,30.59,30.7,30.44
2021-08-27,30.85,23120,30.79,30.87,30.5
2021-08-30,31.15,28996,31.26,31.26,31.07
2021-08-31,31.76,36225,31.64,31.77,31.51
2021-09-01,31.44,34099,31.49,31.56,31.33
2021-09-02,31.4,28611,31.53,31.58,31.35
2021-09-03,31.48,30142,31.59,31.76,31.39
2021-09-07,31.73,32372,31.79,31.97,31.7
2021-09-08,31.07,47673,31.14,31.22,30.91
2021-09-09,30.95,34646,31.09,31.14,30.91
2021-09-10,31.09,53563,31.3,31.4,31.03
2021-09-13,32.2,48407,32.05,32.2,31.99
2021-09-14,32.36,64596,32.67,32.7,32.29
2021-09-15,32.93,43809,32.65,32.96,32.6
2021-09-16,32.38,35448,32.65,32.65,32.24
2021-09-17,31.48,49236,31.98,31.98,31.39
2021-09-20,30.5,57933,30.4,30.63,30.17
2021-09-21,30.96,56128,30.95,31.07,30.75
2021-09-22,31.77,37699,31.62,32,31.62
2021-09-23,31.95,50545,31.85,32.02,31.82
2021-09-24,31.94,35816,31.99,31.99,31.77
2021-09-27,32.3,42037,32.26,32.4,32.14
2021-09-28,32.33,40501,32.84,33,32.15
2021-09-29,32.62,51369,32.82,32.83,32.59
2021-09-30,32.7,75360,32.13,33.3,31.85
2021-10-01,32.74,56239,32.56,32.75,32.18
2021-10-04,32.43,46311,32.54,32.71,32.34
2021-10-05,32.41,115546,32.41,32.47,32.18
2021-10-06,31.73,64582,31.51,31.73,31.34
2021-10-07,32.23,46848,32.2,32.31,32.1
2021-10-08,32.63,30869,32.54,32.78,32.52
2021-10-11,33.29,39033,33.35,33.5,33.22
2021-10-12,33.36,23824,33.45,33.49,33.22
2021-10-13,33.27,26543,33.49,33.49,33.08
2021-10-14,33.49,25210,33.46,33.55,33.39
2021-10-15,33.94,21650,33.87,33.95,33.68
2021-10-18,33.65,189881,33.47,33.71,33.29
2021-10-19,33.23,242934,33.37,33.51,33.18
2021-10-20,32.95,34515,32.51,33.01,32.41
2021-10-21,32.74,23257,33.03,33.15,32.7
2021-10-22,33.35,27863,33.36,33.41,33.18
2021-10-25,34,54569,34,34,33.81
2021-10-26,34.25,41462,34.49,34.52,34.12
2021-10-27,34.33,28882,34.25,34.46,34.25
2021-10-28,34.12,678188,34.01,34.19,33.9
2021-10-29,33.8,32079,33.87,33.93,33.65
2021-11-01,34.3,44497,33.87,34.3,33.84
2021-11-02,34.27,35457,34.15,34.3,34
2021-11-03,34.88,47614,34.34,34.96,34.31
2021-11-04,34.75,38213,35,35.07,34.44
2021-11-05,35.48,67130,35.42,35.48,35.19
2021-11-08,35.23,92952,35.35,35.4,35.13
2021-11-09,35.03,42379,35.18,35.2,35
2021-11-10,35.05,51113,35.22,35.35,35.01
2021-11-11,35.31,34704,35.4,35.4,35.25
2021-11-12,35.52,31891,35.49,35.6,35.39
2021-11-15,35.4,28527,35.71,35.71,35.38
2021-11-16,35.21,49631,35.29,35.46,35.2
2021-11-17,35.39,39402,35.27,35.46,35.26
2021-11-18,35.77,70324,35.54,35.8,35.42
2021-11-19,35.06,25407,35.17,35.36,35.01
2021-11-22,35.46,33312,35.47,35.69,35.46
2021-11-23,35.57,35530,35.35,35.68,35.35
2021-11-24,34.68,58612,34.48,34.68,34.36
2021-11-26,32.36,51950,32.56,32.73,32.26
2021-11-29,32.46,87032,32.57,32.73,32.09
2021-11-30,32.14,93986,32.39,32.4,31.88
2021-12-01,32.63,109335,33.36,33.66,32.63
2021-12-02,33.55,65215,33.41,33.69,33.33
2021-12-03,33.06,57686,33.28,33.64,32.76
2021-12-06,33.32,50676,33.23,33.45,33.1
2021-12-07,34.12,147998,33.69,34.15,33.69
2021-12-08,34.61,149339,34.21,34.62,34.1
2021-12-09,33.97,24748,34.26,34.26,33.89
2021-12-10,33.91,28840,33.76,33.96,33.64
2021-12-13,33.82,38555,34.03,34.2,33.82
2021-12-14,33.32,39351,33.39,33.58,33.18
2021-12-15,33.65,89530,33.45,33.69,33.09
2021-12-16,33.64,64813,33.95,33.96,33.63
2021-12-17,32.52,44730,32.92,32.92,32.48
2021-12-20,32.27,71587,32.36,32.45,32.09
2021-12-21,33.05,63496,32.63,33.1,32.61
2021-12-22,33.17,46030,32.68,33.17,32.68
2021-12-23,33.79,38426,33.54,33.85,33.44
2021-12-27,34.09,45775,33.95,34.11,33.89
2021-12-28,33.92,31827,34.03,34.03,33.85
2021-12-29,33.86,29609,33.68,33.86,33.68
2021-12-30,33.45,40596,33.55,33.63,33.25
2021-12-31,33.4,29472,33.33,33.65,33.32
2022-01-03,34.56,47341,34.28,34.61,34.28
2022-01-04,35.59,54365,35.36,35.71,35.15
2022-01-05,35.79,69992,36.12,36.46,35.79
2022-01-06,36.32,109347,36.52,36.52,36.09
2022-01-07,36.26,35404,36.21,36.32,36.05
2022-01-10,36.88,51254,36.98,37.06,36.43
2022-01-11,37.31,45708,36.96,37.35,36.87
2022-01-12,37.39,124282,37.36,37.5,37
2022-01-13,37.43,40669,37.71,37.9,37.43
2022-01-14,37.99,41529,37.77,38.09,37.68
2022-01-18,37.45,88434,37.76,37.76,37.35
2022-01-19,37,58200,37.55,37.55,36.86
2022-01-20,36.22,58862,36.49,36.83,36.19
2022-01-21,35.73,39441,35.8,36.2,35.7
2022-01-24,35.23,88478,34.69,35.23,34.12
2022-01-25,34.8,44164,34.54,35.07,34.32
2022-01-26,35.14,113060,35.49,35.63,34.96
2022-01-27,34.82,37681,35.3,35.38,34.55
2022-01-28,34.58,53257,34.02,34.58,33.92
2022-01-31,35.04,34151,34.54,35.06,34.5
2022-02-01,35.53,26778,35.44,35.53,35.3
2022-02-02,35.45,34775,35.59,35.61,35.26
2022-02-03,35.59,39148,35.65,35.88,35.52
2022-02-04,34.48,35591,34.34,34.67,34
2022-02-07,34.31,25357,34.46,34.53,34.2
2022-02-08,34.39,48893,34.17,34.42,34.08
2022-02-09,35.7,36479,35.61,35.8,35.56
2022-02-10,35.22,33144,35.29,35.81,35.09
2022-02-11,35.45,30674,36.11,36.34,35.26
2022-02-14,34.84,56827,34.89,35.04,34.52
2022-02-15,35.9,46942,35.87,36.03,35.75
2022-02-16,35.92,20749,35.53,35.97,35.53
2022-02-17,36.12,30271,36.39,36.46,36.08
2022-02-18,36.08,32448,36.29,36.43,35.93
2022-02-22,34.31,45740,34.82,34.82,33.95
2022-02-23,34.26,40875,35.21,35.25,34.23
2022-02-24,32.55,109965,31.93,32.61,31.34
2022-02-25,33.27,81813,32.94,33.27,32.68
2022-02-28,31.88,100030,31.57,32.47,31.57
2022-03-01,30.42,141801,31.65,31.65,30.21
2022-03-02,29.85,115833,30,30.23,29.71
2022-03-03,28.45,197551,29.99,29.99,28.25
2022-03-04,26.61,195505,26.98,26.98,26.35
2022-03-07,25.17,281686,26.42,26.43,24.97
2022-03-08,26.51,378752,26.21,27.2,25.51
2022-03-09,28.05,193528,27.86,28.6,27.63
2022-03-10,26.61,218229,26.49,26.75,26.17
2022-03-11,26.24,238944,27.5,27.5,26.21
2022-03-14,27.13,227662,27.14,27.51,27.01
2022-03-15,27.54,315644,27.2,27.78,26.97
2022-03-16,28.96,132818,28.21,29.13,28.19
2022-03-17,28.42,161190,28.02,28.57,27.9
2022-03-18,28.13,90562,27.65,28.22,27.6
2022-03-21,28.44,80143,28.6,28.67,28.25
2022-03-22,29.18,125685,29.09,29.29,28.9
2022-03-23,28.53,68102,28.69,28.94,28.51
2022-03-24,28.88,70326,28.46,28.91,28.39
2022-03-25,28.75,80523,28.6,28.75,28.44
2022-03-28,29,77588,28.92,29,28.61
2022-03-29,30.57,121964,30.88,30.95,30.24
2022-03-30,29.87,100953,30.04,30.12,29.72
2022-03-31,28.8,85170,29.23,29.31,28.8
2022-04-01,29.22,83491,29.31,29.31,28.95
2022-04-04,29.29,86359,29.15,29.38,29.12
2022-04-05,28.31,86108,28.72,28.77,28.15
2022-04-06,27.73,103453,27.53,27.86,27.22
2022-04-07,27.81,62893,27.95,28.03,27.5
2022-04-08,27.76,62100,27.67,27.98,27.55
2022-04-11,27.27,74719,27.69,27.76,27.27
2022-04-12,27.23,132802,27.74,27.88,27.16
2022-04-13,27.69,115644,27.08,27.71,27.06
2022-04-14,27.36,64167,27.59,27.59,27.33
2022-04-18,27.2,68544,27.34,27.6,27.18
2022-04-19,28.3,167583,27.81,28.3,27.81
2022-04-20,28.6,51777,28.9,28.93,28.6
2022-04-21,28.55,44364,29.25,29.29,28.55
2022-04-22,28.36,69066,28.62,28.64,28.19
2022-04-25,28.1,97609,28.27,28.27,27.58
2022-04-26,26.86,106720,27.92,27.92,26.86
2022-04-27,26.88,62475,26.93,27.15,26.62
2022-04-28,27.66,87673,27.47,27.67,26.87
2022-04-29,27.17,66994,27.46,27.66,27.17
2022-05-02,27.25,125690,27.17,27.64,27
2022-05-03,28.04,87018,27.99,28.16,27.57
2022-05-04,28.78,78282,28.24,28.82,27.95
2022-05-05,27.49,136151,28.13,28.13,27.15
2022-05-06,27.89,142489,27.95,28.05,27.72
2022-05-09,27.5,76353,27.58,27.94,27.48
2022-05-10,27.98,119455,27.97,28.28,27.63
2022-05-11,28.9,130141,28.8,29.27,28.51
2022-05-12,26.25,96409,26.1,26.47,25.95
2022-05-13,26.92,75661,26.83,27.18,26.79
2022-05-16,27.18,81618,26.86,27.32,26.68
2022-05-17,27.86,64609,27.76,27.86,27.49
2022-05-18,26.93,41991,27.62,27.62,26.93
2022-05-19,27.58,58673,27.14,27.81,27.14
2022-05-20,27.43,54872,27.78,27.78,27.03
2022-05-23,27.92,126241,27.74,27.97,27.7
2022-05-24,28.23,93075,28.22,28.23,27.65
2022-05-25,28.33,86328,27.78,28.34,27.78
2022-05-26,28.85,47055,28.42,28.85,28.42
2022-05-27,29,58316,28.83,29.06,28.83
2022-05-31,29.03,58807,28.85,29.08,28.68
2022-06-01,29.33,52344,29.61,29.63,29.12
2022-06-02,30.29,34793,29.93,30.34,29.88
2022-06-03,29.62,107722,29.88,29.92,29.62
2022-06-06,29.76,39199,30.01,30.01,29.69
2022-06-07,29.62,34240,29.32,29.69,29.25
2022-06-08,29.64,31211,29.81,30.02,29.62
2022-06-09,29.09,64728,29.36,29.5,29.09
2022-06-10,28.34,55653,28.58,28.59,28.12
2022-06-13,27.06,78537,27.42,27.52,26.96
2022-06-14,26.92,85105,27.29,27.37,26.77
2022-06-15,27.92,81809,27.7,28.01,27.43
2022-06-16,27,87997,27.07,27.32,26.78
2022-06-17,27.16,75025,27.07,27.34,26.86
2022-06-21,27.89,65535,28.15,28.15,27.84
2022-06-22,27.67,78501,27.4,27.9,27.39
2022-06-23,26.54,114624,27.18,27.22,26.18
2022-06-24,26.7,127075,25.94,26.7,25.9
2022-06-27,26.7,143756,26.76,26.97,26.59
2022-06-28,26.59,141953,27.09,27.28,26.59
2022-06-29,25.99,153241,26.24,26.24,25.93
2022-06-30,25.79,90802,25.14,25.86,24.94
2022-07-01,25.88,68118,25.41,25.9,25.27
2022-07-05,24.89,138791,24.65,24.9,24.43
2022-07-06,24.43,292705,24.44,24.53,24.25
2022-07-07,25.4,134310,25.41,25.61,25.31
2022-07-08,25.82,92733,25.57,25.82,25.38
2022-07-11,24.8,126061,25.23,25.23,24.74
2022-07-12,24.84,117967,24.52,25.06,24.52
2022-07-13,24.58,87121,24.44,24.64,24.16
2022-07-14,24.34,110876,24.08,24.41,23.78
2022-07-15,25.22,82423,24.87,25.35,24.71
2022-07-18,25.63,277947,25.69,25.83,25.5
2022-07-19,26.82,199651,26.29,27.07,26.29
2022-07-20,26.33,183818,26.81,26.81,26.15
2022-07-21,26.33,89186,26,26.33,25.86
2022-07-22,26.17,86439,26.34,26.46,26.05
2022-07-25,26.7,126802,26.8,26.82,26.44
2022-07-26,25.63,206039,25.68,25.87,25.53
2022-07-27,26.26,96859,25.89,26.28,25.75
2022-07-28,26.79,111711,26.53,26.8,26.31
2022-07-29,27.3,55895,26.83,27.3,26.76
2022-08-01,27.28,61555,27.29,27.55,27.19
2022-08-02,27.59,51487,27.5,27.78,27.28
2022-08-03,26.1,112079,25.75,26.3,25.63
2022-08-04,26.04,72961,26.42,26.42,25.93
2022-08-05,26.14,56309,25.91,26.18,25.86
2022-08-08,26.47,74104,26.43,26.66,26.4
2022-08-09,26.26,128411,26.53,26.53,26.17
2022-08-10,26.89,112698,26.71,27.05,26.61
2022-08-11,26.8,52567,26.72,26.92,26.68
2022-08-12,27.1,80944,26.97,27.1,26.65
2022-08-15,26.51,83877,26.44,26.65,26.44
2022-08-16,27.02,112455,26.66,27.09,26.65
2022-08-17,26.41,59200,26.51,26.52,26.24
2022-08-18,26.33,49143,26.38,26.4,26.2
2022-08-19,25.51,98515,25.72,25.73,25.4
2022-08-22,24.18,336258,24.57,24.6,24.13
2022-08-23,24.78,275150,24.68,24.96,24.64
2022-08-24,24.69,111753,24.5,24.88,24.41
2022-08-25,24.94,139178,24.71,24.97,24.59
2022-08-26,24.19,125805,25.16,25.16,24.1
2022-08-29,24.51,237532,24.37,24.63,24.34
2022-08-30,24.52,489117,24.93,24.93,24.41
2022-08-31,24.53,127137,24.57,24.72,24.45
2022-09-01,24.44,133083,24.24,24.44,23.94
2022-09-02,24.14,126716,25,25.13,24
2022-09-06,23.86,138624,24.16,24.16,23.81
2022-09-07,24.83,180858,24.16,24.84,24.16
2022-09-08,24.27,209191,24.11,24.29,23.85
2022-09-09,24.83,402374,24.64,24.86,24.56
2022-09-12,25.57,212221,25.48,25.65,25.38
2022-09-13,24.65,180456,25.2,25.45,24.65
2022-09-14,24.92,254256,24.74,24.94,24.58
2022-09-15,24.85,81726,24.66,25.03,24.55
2022-09-16,24.98,118424,24.55,24.98,24.49
2022-09-19,25.4,218658,24.81,25.43,24.75
2022-09-20,24.89,122871,25.25,25.26,24.58
2022-09-21,24.76,167152,24.71,25.11,24.43
2022-09-22,24.61,69009,24.43,24.61,24.2
2022-09-23,23.22,195733,23.45,23.47,23.03
2022-09-26,23.1,240373,23.22,23.61,23.02
2022-09-27,22.89,373844,23.19,23.34,22.71
2022-09-28,23.56,146974,22.84,23.56,22.84
2022-09-29,22.78,451498,22.62,22.78,22.26
2022-09-30,22.63,204569,22.49,22.95,22.48
2022-10-03,23.27,208256,23.01,23.3,22.85
2022-10-04,24.35,381207,23.82,24.35,23.82
2022-10-05,23.77,129053,23.35,23.92,23.23
2022-10-06,23.6,83147,23.65,23.79,23.5
2022-10-07,23.3,115579,23.51,23.6,23.14
2022-10-10,23.52,115264,23.46,23.71,23.25
2022-10-11,23.35,258449,23.25,23.74,23.06
2022-10-12,23.68,105466,23.56,23.78,23.48
2022-10-13,24.58,145215,23.41,24.66,23.32
2022-10-14,24.33,92935,24.68,24.76,24.23
2022-10-17,25.18,105207,25.06,25.2,25.01
2022-10-18,25.69,139593,25.87,25.9,25.38
2022-10-19,25.46,138282,25.38,25.53,25.25
2022-10-20,25.18,80593,25.53,25.74,25.15
2022-10-21,25.8,43182,25.16,25.87,25.04
2022-10-24,25.78,65699,25.72,25.94,25.58
2022-10-25,26.18,94654,25.79,26.18,25.79
2022-10-26,26.56,52278,26.32,26.7,26.23
2022-10-27,26.55,29007,26.61,26.77,26.42
2022-10-28,26.64,50134,26.45,26.68,26.34
2022-10-31,26.27,52374,26.24,26.49,26.17
2022-11-01,26.55,97606,26.79,26.9,26.31
2022-11-02,26.3,46342,26.34,26.89,26.19
2022-11-03,24.85,55152,24.76,25.13,24.57
2022-11-04,26.59,94368,26.06,26.59,25.98
2022-11-07,27.08,53930,26.92,27.21,26.86
2022-11-08,27.03,44944,26.98,27.15,26.83
2022-11-09,26.61,37805,26.76,26.98,26.6
2022-11-10,28.28,39220,27.67,28.28,27.67
2022-11-11,29.28,31815,28.82,29.36,28.75
2022-11-14,29.2,33880,29.33,29.57,29.19
2022-11-15,29.22,58047,29.6,29.6,28.75
2022-11-16,28.63,22910,28.61,28.75,28.35
2022-11-17,28.63,34676,28.32,28.63,28.23
2022-11-18,29,23610,28.94,29.1,28.85
2022-11-21,28.68,38547,28.79,28.79,28.53
2022-11-22,29.08,35196,28.73,29.08,28.71
2022-11-23,29.11,49032,28.75,29.24,28.75
2022-11-25,29.24,14490,29.12,29.24,28.94
2022-11-28,28.75,25127,29,29.17,28.69
2022-11-29,29.33,34479,29.09,29.44,29.09
2022-11-30,30.3,39530,29.75,30.32,29.5
2022-12-01,29.9,74076,30,30.15,29.69
2022-12-02,30.05,41695,29.83,30.11,29.74
2022-12-05,29.98,32094,30.28,30.35,29.93
2022-12-06,29.65,61835,30.24,30.24,29.51
2022-12-07,29.72,28406,29.82,29.9,29.55
2022-12-08,29.25,28971,29.19,29.28,28.96
2022-12-09,29.55,104266,29.61,29.78,29.42
2022-12-12,29.67,96706,29.86,29.86,29.54
2022-12-13,29.68,51089,30.29,30.3,29.54
2022-12-14,29.66,53165,29.62,29.96,29.5
2022-12-15,29.4,27263,29.58,29.58,29.2
2022-12-16,29.12,70929,29.3,29.37,28.98
2022-12-19,29.43,39072,29.59,29.7,29.38
2022-12-20,29.48,39964,29.43,29.63,29.4
2022-12-21,29.62,56482,29.68,29.79,29.58
2022-12-22,29.42,74463,29.51,29.51,29.18
2022-12-23,29.55,42654,29.51,29.7,29.42
2022-12-27,29.56,29401,29.62,29.68,29.55
2022-12-28,29.29,36715,29.56,29.56,29.27
2022-12-29,29.8,39699,29.62,29.84,29.62
2022-12-30,29.66,41317,29.77,29.77,29.45
2023-01-03,30.24,47469,30.38,30.46,30.07
2023-01-04,30.95,63223,30.94,31.09,30.77
2023-01-05,31.21,45403,31.19,31.32,31.14
2023-01-06,31.84,35521,30.92,31.91,30.86
2023-01-09,31.91,145402,32.11,32.36,31.91
2023-01-10,32.48,47201,32.42,32.51,32.16
2023-01-11,32.97,352637,32.75,33.02,32.67
2023-01-12,33.76,55742,33.53,33.82,33.22
2023-01-13,33.21,60146,32.97,33.22,32.9
2023-01-17,33.09,75951,33.09,33.37,33
2023-01-18,32.83,71782,33.25,33.3,32.73
2023-01-19,32.65,71450,32.46,32.7,32.38
2023-01-20,32.69,97638,32.39,32.69,32.25
2023-01-23,33.22,104006,32.83,33.28,32.81
2023-01-24,33.25,44910,32.95,33.41,32.81
2023-01-25,33.46,50847,33.16,33.5,33.14
