Date,Close/Last,Volume,Open,High,Low
02/01/2023,$1.31,3422577,$1.28,$1.31,$1.27
01/31/2023,$1.295,3791337,$1.32,$1.32,$1.29
01/30/2023,$1.325,3473794,$1.33,$1.35,$1.32
01/27/2023,$1.36,4064055,$1.34,$1.36,$1.33
01/26/2023,$1.41,3259835,$1.4,$1.41,$1.38
01/25/2023,$1.36,3069189,$1.36,$1.38,$1.35
01/24/2023,$1.345,4061827,$1.33,$1.36,$1.33
01/23/2023,$1.32,2777896,$1.31,$1.33,$1.3
01/20/2023,$1.3,2355023,$1.3,$1.32,$1.3
01/19/2023,$1.285,3564048,$1.3,$1.3,$1.27
01/18/2023,$1.305,2990181,$1.33,$1.34,$1.3
01/17/2023,$1.31,3174084,$1.32,$1.33,$1.3
01/13/2023,$1.315,3026010,$1.29,$1.32,$1.28
01/12/2023,$1.25,2090534,$1.25,$1.26,$1.23
01/11/2023,$1.225,1190302,$1.23,$1.23,$1.22
01/10/2023,$1.22,4204924,$1.2,$1.22,$1.2
01/09/2023,$1.24,4811975,$1.23,$1.25,$1.23
01/06/2023,$1.21,2691129,$1.2,$1.23,$1.2
01/05/2023,$1.19,2799198,$1.19,$1.2,$1.19
01/04/2023,$1.1801,3115352,$1.15,$1.19,$1.15
01/03/2023,$1.15,7026741,$1.15,$1.16,$1.13
12/30/2022,$1.07,2220919,$1.08,$1.1,$1.06
12/29/2022,$1.08,2606182,$1.08,$1.09,$1.07
12/28/2022,$1.07,2766904,$1.1,$1.1,$1.07
12/27/2022,$1.07,1954703,$1.07,$1.09,$1.06
12/23/2022,$1.07,1596054,$1.06,$1.08,$1.06
12/22/2022,$1.06,3134854,$1.07,$1.08,$1.05
12/21/2022,$1.07,1908651,$1.07,$1.08,$1.06
12/20/2022,$1.055,3159219,$1.03,$1.06,$1.03
12/19/2022,$1.055,2532037,$1.05,$1.06,$1.04
12/16/2022,$1.03,2666719,$1.05,$1.06,$1.03
12/15/2022,$1.07,3113071,$1.09,$1.09,$1.05
12/14/2022,$1.09,2605585,$1.08,$1.1,$1.08
12/13/2022,$1.095,5554053,$1.12,$1.12,$1.08
12/12/2022,$1.12,3980245,$1.11,$1.13,$1.1
12/09/2022,$1.12,5159311,$1.12,$1.14,$1.11
12/08/2022,$1.1,2812325,$1.09,$1.11,$1.09
12/07/2022,$1.08,3354605,$1.1,$1.11,$1.07
12/06/2022,$1.1,4314225,$1.12,$1.14,$1.1
12/05/2022,$1.09,1684197,$1.08,$1.09,$1.07
12/02/2022,$1.1,3169727,$1.06,$1.1,$1.06
12/01/2022,$1.04,2437107,$1.05,$1.07,$1.04
11/30/2022,$1.09,2807328,$1.07,$1.1,$1.06
11/29/2022,$1.05,2210314,$1.06,$1.07,$1.05
11/28/2022,$1.04,2714985,$1.09,$1.09,$1.04
11/25/2022,$1.09,1810319,$1.09,$1.0901,$1.08
11/23/2022,$1.05,2493741,$1.03,$1.06,$1.03
11/22/2022,$1.01,1767879,$0.9974,$1.01,$0.9949
11/21/2022,$1,2618724,$1,$1.01,$0.9944
11/18/2022,$1.01,1931920,$1.01,$1.03,$1.01
11/17/2022,$1.02,2028978,$1.03,$1.03,$1.01
11/16/2022,$1.035,3011348,$1.05,$1.05,$1.02
11/15/2022,$1.069,3349127,$1.08,$1.09,$1.06
11/14/2022,$1.06,4076859,$1.08,$1.1,$1.06
11/11/2022,$1.05,3407442,$1.05,$1.07,$1.02
11/10/2022,$1.02,5157886,$1.06,$1.06,$1
11/09/2022,$1.005,2454562,$1.02,$1.04,$1
11/08/2022,$1.03,3104305,$0.9961,$1.05,$0.9961
11/07/2022,$1.02,3675886,$0.9952,$1.03,$0.9952
11/04/2022,$0.9842,2625933,$0.98,$0.99,$0.973
11/03/2022,$0.928,3437075,$0.907,$0.933,$0.898
11/02/2022,$0.961,3156830,$0.97,$0.993,$0.9605
11/01/2022,$0.9675,3131287,$0.9716,$0.9775,$0.9575
10/31/2022,$0.927,4571133,$0.92,$0.9292,$0.91
10/28/2022,$0.9185,2676579,$0.9093,$0.9229,$0.8969
10/27/2022,$0.8956,2179547,$0.885,$0.905,$0.885
10/26/2022,$0.8858,2070788,$0.8671,$0.89,$0.8668
10/25/2022,$0.8663,3043246,$0.8639,$0.8734,$0.8452
10/24/2022,$0.8559,3416113,$0.85,$0.8689,$0.84
10/21/2022,$0.85,1926957,$0.8178,$0.8599,$0.8157
10/20/2022,$0.8321,2197922,$0.84,$0.8592,$0.8311
10/19/2022,$0.8401,1142222,$0.85,$0.8635,$0.8334
10/18/2022,$0.8622,3290912,$0.8615,$0.8767,$0.858
10/17/2022,$0.8456,5356839,$0.8377,$0.8529,$0.8326
10/14/2022,$0.8072,2757812,$0.8344,$0.8409,$0.807
10/13/2022,$0.8297,2651689,$0.785,$0.8368,$0.785
10/12/2022,$0.77,1551427,$0.7665,$0.7763,$0.762
10/11/2022,$0.795,2254926,$0.8157,$0.8188,$0.7846
10/10/2022,$0.8044,3571182,$0.8049,$0.8145,$0.79
10/07/2022,$0.8138,6339316,$0.813,$0.8305,$0.8102
10/06/2022,$0.8312,2755063,$0.838,$0.86,$0.816
10/05/2022,$0.8786,4841429,$0.8813,$0.89,$0.8555
10/04/2022,$0.885,4588701,$0.865,$0.887,$0.865
10/03/2022,$0.83,6811127,$0.8099,$0.8374,$0.8045
09/30/2022,$0.81,4286247,$0.7965,$0.8208,$0.7869
09/29/2022,$0.7801,11423400,$0.7524,$0.7909,$0.7448
09/28/2022,$0.7484,7184113,$0.7312,$0.7522,$0.711
09/27/2022,$0.761,6758643,$0.774,$0.786,$0.744
09/26/2022,$0.786,4257261,$0.7951,$0.8134,$0.78
09/23/2022,$0.7903,7758388,$0.8,$0.8048,$0.7734
09/22/2022,$0.838,4930577,$0.842,$0.8428,$0.8267
09/21/2022,$0.8449,2370609,$0.86,$0.8639,$0.8345
09/20/2022,$0.8651,2951097,$0.8887,$0.89,$0.8621
09/19/2022,$0.88,2813823,$0.8871,$0.895,$0.8697
09/16/2022,$0.8784,3351880,$0.897,$0.8998,$0.8651
09/15/2022,$0.899,5438869,$0.9,$0.9075,$0.89
09/14/2022,$0.8943,3541449,$0.88,$0.8943,$0.8707
09/13/2022,$0.907,2284703,$0.9343,$0.94,$0.9012
09/12/2022,$0.955,3608805,$0.9577,$0.97,$0.9501
09/09/2022,$0.9322,2059836,$0.9346,$0.94,$0.93
09/08/2022,$0.9178,2673570,$0.9108,$0.927,$0.9043
09/07/2022,$0.915,2110090,$0.893,$0.9182,$0.8903
09/06/2022,$0.907,7397026,$0.9111,$0.93,$0.8985
09/02/2022,$0.891,5352984,$0.8814,$0.9102,$0.8691
09/01/2022,$0.8685,10151240,$0.87,$0.87,$0.8295
08/31/2022,$0.93,2855049,$0.94,$0.955,$0.93
08/30/2022,$0.9404,4641846,$0.97,$0.985,$0.93
08/29/2022,$0.969,4125415,$0.9707,$0.98,$0.9628
08/26/2022,$0.972,2900652,$0.99,$0.9987,$0.97
08/25/2022,$0.996,2261925,$0.98,$0.997,$0.98
08/24/2022,$0.986,4334759,$0.9748,$0.9879,$0.97
08/23/2022,$0.99,2624553,$0.9915,$0.9975,$0.983
08/22/2022,$0.9895,6589950,$1,$1,$0.98
08/19/2022,$1.01,5660868,$1.02,$1.02,$1
08/18/2022,$1.0499,2918638,$1.06,$1.06,$1.04
08/17/2022,$1.04,4872350,$1.05,$1.06,$1.04
08/16/2022,$1.08,4336517,$1.08,$1.09,$1.07
08/15/2022,$1.07,2909734,$1.075,$1.08,$1.07
08/12/2022,$1.085,2660198,$1.07,$1.09,$1.07
08/11/2022,$1.07,3220712,$1.09,$1.09,$1.07
08/10/2022,$1.08,2336825,$1.09,$1.1,$1.08
08/09/2022,$1.06,2954055,$1.08,$1.09,$1.06
08/08/2022,$1.08,9961727,$1.08,$1.11,$1.08
08/05/2022,$1.04,5584551,$1.05,$1.0617,$1.04
08/04/2022,$1.06,8298907,$1.05,$1.06,$1.029
08/03/2022,$1.155,4261261,$1.15,$1.16,$1.12
08/02/2022,$1.12,2680128,$1.15,$1.15,$1.11
08/01/2022,$1.135,2830811,$1.14,$1.15,$1.13
07/29/2022,$1.13,2885588,$1.14,$1.14,$1.12
07/28/2022,$1.105,3336185,$1.1,$1.11,$1.07
07/27/2022,$1.12,3190478,$1.12,$1.12,$1.08
07/26/2022,$1.1,3450004,$1.14,$1.14,$1.1
07/25/2022,$1.15,1682534,$1.16,$1.18,$1.15
07/22/2022,$1.16,4059823,$1.18,$1.18,$1.15
07/21/2022,$1.16,2961753,$1.15,$1.19,$1.14
07/20/2022,$1.15,4060674,$1.16,$1.17,$1.15
07/19/2022,$1.17,3423745,$1.17,$1.19,$1.16
07/18/2022,$1.13,2666174,$1.14,$1.17,$1.13
07/15/2022,$1.11,7042103,$1.11,$1.14,$1.1
07/14/2022,$1.07,6408772,$1.07,$1.1,$1.05
07/13/2022,$1.1,3097878,$1.08,$1.11,$1.08
07/12/2022,$1.11,2661418,$1.07,$1.12,$1.065
07/11/2022,$1.08,4203178,$1.09,$1.1,$1.07
07/08/2022,$1.1,2888227,$1.09,$1.11,$1.08
07/07/2022,$1.07,1461997,$1.06,$1.08,$1.06
07/06/2022,$1.04,2357875,$1.02,$1.05,$1.02
07/05/2022,$1.01,6030963,$1.02,$1.03,$1
07/01/2022,$1.101,1917717,$1.1,$1.11,$1.08
06/30/2022,$1.08,2100112,$1.06,$1.08,$1.05
06/29/2022,$1.07,2838911,$1.1,$1.1,$1.07
06/28/2022,$1.1,4691339,$1.13,$1.15,$1.09
06/27/2022,$1.06,4145811,$1.07,$1.09,$1.05
06/24/2022,$1.05,2550788,$1.04,$1.06,$1.04
06/23/2022,$1.06,4398606,$1.08,$1.08,$1.05
06/22/2022,$1.11,4614760,$1.1,$1.13,$1.09
06/21/2022,$1.175,5790713,$1.15,$1.19,$1.15
06/17/2022,$1.12,2863389,$1.13,$1.15,$1.09
06/16/2022,$1.09,5008380,$1.11,$1.12,$1.09
06/15/2022,$1.13,4682722,$1.12,$1.15,$1.11
06/14/2022,$1.125,24834500,$1.08,$1.145,$1.07
06/13/2022,$1.06,6126568,$1.08,$1.1,$1.06
06/10/2022,$1.12,3931262,$1.14,$1.15,$1.1
06/09/2022,$1.15,3366560,$1.18,$1.19,$1.15
06/08/2022,$1.185,3655962,$1.21,$1.22,$1.18
06/07/2022,$1.2,2612615,$1.18,$1.21,$1.17
06/06/2022,$1.19,2975153,$1.18,$1.21,$1.18
06/03/2022,$1.15,1768226,$1.16,$1.17,$1.14
06/02/2022,$1.16,2234214,$1.14,$1.17,$1.13
06/01/2022,$1.14,9888224,$1.12,$1.16,$1.1
05/31/2022,$1.08,3318524,$1.08,$1.1,$1.07
05/27/2022,$1.08,3028447,$1.08,$1.1,$1.08
05/26/2022,$1.07,2891676,$1.07,$1.09,$1.06
05/25/2022,$1.04,2304237,$1.02,$1.05,$1.01
05/24/2022,$1.01,3293903,$1.03,$1.05,$0.9934
05/23/2022,$1.04,2630541,$1.05,$1.07,$1.03
05/20/2022,$1.049,3362837,$1.07,$1.08,$1.025
05/19/2022,$1.05,2637886,$1.04,$1.07,$1.02
05/18/2022,$1.045,3532959,$1.08,$1.08,$1.03
05/17/2022,$1.04,3212022,$1.04,$1.05,$1.02
05/16/2022,$1.025,3515645,$1.03,$1.03,$1.02
05/13/2022,$1.06,9152424,$1.02,$1.09,$1
05/12/2022,$1,4118342,$0.9927,$1.02,$0.976
05/11/2022,$0.9828,4024538,$1.01,$1.03,$0.9828
05/10/2022,$0.996,4305901,$1.01,$1.02,$0.9701
05/09/2022,$0.99,6983902,$1.02,$1.02,$0.98
05/06/2022,$1.02,5185259,$1.02,$1.04,$1
05/05/2022,$1.034,4930366,$1.06,$1.06,$1.02
05/04/2022,$1.1,3428550,$1.08,$1.1,$1.05
05/03/2022,$1.06,3487626,$1.08,$1.08,$1.06
05/02/2022,$1.06,3877629,$1.11,$1.11,$1.04
04/29/2022,$1.06,2885080,$1.08,$1.08,$1.05
04/28/2022,$1.08,4436509,$1.07,$1.09,$1.05
04/27/2022,$1.07,4010823,$1.09,$1.09,$1.06
04/26/2022,$1.08,8426467,$1.13,$1.14,$1.08
04/25/2022,$1.16,8136223,$1.16,$1.16,$1.13
04/22/2022,$1.2,5460782,$1.23,$1.23,$1.19
04/21/2022,$1.24,8065232,$1.28,$1.3,$1.24
04/20/2022,$1.23,2262358,$1.26,$1.27,$1.23
04/19/2022,$1.26,7224170,$1.25,$1.27,$1.25
04/18/2022,$1.24,2400148,$1.25,$1.25,$1.23
04/14/2022,$1.25,7525524,$1.25,$1.25,$1.23
04/13/2022,$1.22,3429597,$1.18,$1.22,$1.17
04/12/2022,$1.19,7505221,$1.21,$1.21,$1.18
04/11/2022,$1.24,5260065,$1.26,$1.29,$1.24
04/08/2022,$1.25,3345479,$1.26,$1.27,$1.25
04/07/2022,$1.275,3839499,$1.29,$1.29,$1.26
04/06/2022,$1.3,5760919,$1.28,$1.3,$1.27
04/05/2022,$1.31,7130735,$1.33,$1.34,$1.3
04/04/2022,$1.34,5374922,$1.37,$1.37,$1.34
04/01/2022,$1.335,4160469,$1.35,$1.35,$1.32
03/31/2022,$1.34,6294713,$1.36,$1.38,$1.34
03/30/2022,$1.375,5008247,$1.38,$1.4,$1.37
03/29/2022,$1.38,7261957,$1.38,$1.4,$1.36
03/28/2022,$1.34,16110800,$1.32,$1.36,$1.31
03/25/2022,$1.52,29939350,$1.25,$1.53,$1.23
03/24/2022,$1.21,3662047,$1.21,$1.22,$1.1999
03/23/2022,$1.2,4291531,$1.24,$1.24,$1.2
03/22/2022,$1.24,7351224,$1.23,$1.26,$1.22
03/21/2022,$1.23,4404504,$1.24,$1.24,$1.21
03/18/2022,$1.23,4607162,$1.22,$1.24,$1.2
03/17/2022,$1.23,6575990,$1.21,$1.24,$1.2
03/16/2022,$1.25,5004846,$1.24,$1.27,$1.22
03/15/2022,$1.22,11802990,$1.23,$1.25,$1.2
03/14/2022,$1.23,5872777,$1.24,$1.28,$1.21
03/11/2022,$1.23,2552933,$1.27,$1.27,$1.23
03/10/2022,$1.24,5309090,$1.22,$1.26,$1.21
03/09/2022,$1.28,4980946,$1.27,$1.31,$1.27
03/08/2022,$1.255,9522707,$1.25,$1.3,$1.2
03/07/2022,$1.18,8785022,$1.24,$1.26,$1.16
03/04/2022,$1.24,8804455,$1.22,$1.25,$1.2092
03/03/2022,$1.31,4536536,$1.35,$1.35,$1.29
03/02/2022,$1.34,4426867,$1.28,$1.35,$1.28
03/01/2022,$1.26,13463520,$1.31,$1.33,$1.25
02/28/2022,$1.38,7326139,$1.36,$1.4,$1.34
02/25/2022,$1.44,6144928,$1.44,$1.47,$1.41
02/24/2022,$1.44,12571060,$1.29,$1.44,$1.29
02/23/2022,$1.55,3116351,$1.63,$1.64,$1.55
02/22/2022,$1.58,2295727,$1.57,$1.61,$1.56
02/18/2022,$1.59,1931998,$1.6,$1.61,$1.57
02/17/2022,$1.59,3079599,$1.63,$1.63,$1.59
02/16/2022,$1.65,1724226,$1.62,$1.65,$1.61
02/15/2022,$1.61,2016233,$1.59,$1.63,$1.58
02/14/2022,$1.57,2125572,$1.6,$1.61,$1.56
02/11/2022,$1.595,2344296,$1.63,$1.65,$1.59
02/10/2022,$1.64,2589522,$1.63,$1.67,$1.62
02/09/2022,$1.62,2250011,$1.63,$1.64,$1.62
02/08/2022,$1.6,1250193,$1.58,$1.6,$1.58
02/07/2022,$1.56,1933471,$1.56,$1.58,$1.54
02/04/2022,$1.55,1971769,$1.52,$1.57,$1.52
02/03/2022,$1.58,1726034,$1.58,$1.6,$1.57
02/02/2022,$1.58,2455345,$1.58,$1.58,$1.56
02/01/2022,$1.59,1808196,$1.57,$1.6,$1.57
01/31/2022,$1.57,3192772,$1.52,$1.57,$1.52
01/28/2022,$1.53,3534696,$1.52,$1.53,$1.5
01/27/2022,$1.55,2553341,$1.58,$1.59,$1.53
01/26/2022,$1.56,2802489,$1.6,$1.62,$1.56
01/25/2022,$1.59,7499680,$1.54,$1.61,$1.51
01/24/2022,$1.54,11653040,$1.51,$1.54,$1.46
01/21/2022,$1.5835,4410150,$1.64,$1.64,$1.58
01/20/2022,$1.65,2733586,$1.67,$1.69,$1.64
01/19/2022,$1.68,3128541,$1.68,$1.7,$1.67
01/18/2022,$1.7,2296413,$1.69,$1.71,$1.68
01/14/2022,$1.72,1915138,$1.72,$1.72,$1.7
01/13/2022,$1.72,1956043,$1.74,$1.75,$1.72
01/12/2022,$1.73,3196981,$1.71,$1.74,$1.71
01/11/2022,$1.71,7929016,$1.67,$1.74,$1.67
01/10/2022,$1.7,4419563,$1.7,$1.7199,$1.67
01/07/2022,$1.68,1309893,$1.67,$1.7,$1.67
01/06/2022,$1.66,2062682,$1.68,$1.69,$1.65
01/05/2022,$1.68,2655345,$1.69,$1.71,$1.66
01/04/2022,$1.7,2827400,$1.71,$1.71,$1.68
01/03/2022,$1.65,2913876,$1.63,$1.66,$1.62
12/31/2021,$1.62,1017028,$1.62,$1.63,$1.62
12/30/2021,$1.63,1925595,$1.61,$1.64,$1.61
12/29/2021,$1.61,1743579,$1.64,$1.65,$1.61
12/28/2021,$1.63,1415347,$1.63,$1.64,$1.61
12/27/2021,$1.62,1967302,$1.59,$1.63,$1.59
12/23/2021,$1.6,2827359,$1.6,$1.61,$1.59
12/22/2021,$1.56,3055041,$1.54,$1.56,$1.53
12/21/2021,$1.51,4149751,$1.47,$1.51,$1.47
12/20/2021,$1.45,4048922,$1.44,$1.47,$1.43
12/17/2021,$1.47,2831024,$1.5,$1.5001,$1.47
12/16/2021,$1.48,4831439,$1.54,$1.54,$1.47
12/15/2021,$1.53,4252586,$1.52,$1.55,$1.48
12/14/2021,$1.55,3503174,$1.57,$1.57,$1.54
12/13/2021,$1.55,8281171,$1.57,$1.6,$1.54
12/10/2021,$1.64,2027787,$1.65,$1.65,$1.59
12/09/2021,$1.64,6309820,$1.64,$1.65,$1.63
12/08/2021,$1.72,2503619,$1.68,$1.74,$1.67
12/07/2021,$1.72,1847017,$1.72,$1.74,$1.72
12/06/2021,$1.7,3478353,$1.67,$1.72,$1.65
12/03/2021,$1.67,3786216,$1.7,$1.71,$1.65
12/02/2021,$1.69,4354492,$1.68,$1.71,$1.68
12/01/2021,$1.66,13886650,$1.68,$1.73,$1.64
11/30/2021,$1.64,9972145,$1.64,$1.71,$1.62
11/29/2021,$1.65,17444630,$1.61,$1.71,$1.59
11/26/2021,$1.62,7331749,$1.62,$1.63,$1.6
11/24/2021,$1.78,5741978,$1.74,$1.79,$1.73
11/23/2021,$1.79,3069888,$1.8,$1.82,$1.77
11/22/2021,$1.78,3329899,$1.8,$1.8,$1.77
11/19/2021,$1.79,4160589,$1.8,$1.81,$1.78
11/18/2021,$1.87,3368661,$1.88,$1.88,$1.85
11/17/2021,$1.86,2246908,$1.88,$1.89,$1.85
11/16/2021,$1.89,2578860,$1.92,$1.92,$1.89
11/15/2021,$1.9,2112728,$1.92,$1.92,$1.89
11/12/2021,$1.9,2008434,$1.9,$1.9,$1.88
11/11/2021,$1.93,5290666,$1.9,$1.93,$1.9
11/10/2021,$1.93,3935413,$1.96,$1.96,$1.93
11/09/2021,$1.97,7154796,$1.97,$1.98,$1.94
11/08/2021,$1.88,3704083,$1.9,$1.9,$1.88
11/05/2021,$1.89,5608031,$1.89,$1.9,$1.87
11/04/2021,$1.8,3865364,$1.8,$1.83,$1.78
11/03/2021,$1.78,3476980,$1.78,$1.79,$1.76
11/02/2021,$1.79,3244096,$1.8,$1.8,$1.78
11/01/2021,$1.81,3083381,$1.78,$1.81,$1.77
10/29/2021,$1.77,2497403,$1.78,$1.79,$1.76
10/28/2021,$1.79,2733178,$1.79,$1.8,$1.77
10/27/2021,$1.8,3029820,$1.82,$1.82,$1.8
10/26/2021,$1.82,3787725,$1.82,$1.83,$1.81
10/25/2021,$1.78,5409437,$1.81,$1.81,$1.78
10/22/2021,$1.82,3313896,$1.85,$1.85,$1.82
10/21/2021,$1.865,2376681,$1.87,$1.89,$1.86
10/20/2021,$1.86,6122829,$1.81,$1.89,$1.8
10/19/2021,$1.91,4139547,$1.92,$1.92,$1.88
10/18/2021,$1.93,5044845,$1.93,$1.95,$1.91
10/15/2021,$1.95,4177715,$1.95,$1.96,$1.93
10/14/2021,$1.92,3152592,$1.95,$1.95,$1.92
10/13/2021,$1.925,3147722,$1.91,$1.93,$1.9
10/12/2021,$1.91,2551666,$1.92,$1.93,$1.9
10/11/2021,$1.93,2459365,$1.93,$1.94,$1.92
10/08/2021,$1.92,2428688,$1.9,$1.92,$1.9
10/07/2021,$1.89,2699371,$1.9,$1.9,$1.87
10/06/2021,$1.89,5100375,$1.84,$1.91,$1.84
10/05/2021,$1.915,5451506,$1.9,$1.93,$1.89
10/04/2021,$1.89,4003871,$1.92,$1.93,$1.88
10/01/2021,$1.92,8024537,$1.89,$1.92,$1.87
09/30/2021,$1.83,8400987,$1.85,$1.88,$1.82
09/29/2021,$1.9,5471158,$1.9,$1.93,$1.88
09/28/2021,$1.88,17570570,$1.94,$1.95,$1.85
09/27/2021,$1.97,17261540,$1.95,$1.99,$1.95
09/24/2021,$1.78,9055491,$1.77,$1.8,$1.76
09/23/2021,$1.71,8966960,$1.68,$1.71,$1.66
09/22/2021,$1.62,7408823,$1.6,$1.64,$1.6
09/21/2021,$1.58,6550313,$1.59,$1.595,$1.57
09/20/2021,$1.53,10141140,$1.54,$1.56,$1.5
09/17/2021,$1.49,3120347,$1.51,$1.52,$1.47
09/16/2021,$1.47,2911645,$1.48,$1.49,$1.46
09/15/2021,$1.44,4184789,$1.43,$1.44,$1.42
09/14/2021,$1.465,2339044,$1.51,$1.51,$1.46
09/13/2021,$1.495,2774719,$1.5,$1.51,$1.48
09/10/2021,$1.46,1954769,$1.48,$1.49,$1.46
09/09/2021,$1.48,3130140,$1.49,$1.51,$1.48
09/08/2021,$1.49,2858158,$1.51,$1.52,$1.48
09/07/2021,$1.48,3356770,$1.52,$1.52,$1.47
09/03/2021,$1.51,2080885,$1.53,$1.53,$1.5
09/02/2021,$1.54,1940273,$1.54,$1.55,$1.53
09/01/2021,$1.54,2354128,$1.56,$1.57,$1.54
08/31/2021,$1.53,4587617,$1.53,$1.56,$1.53
08/30/2021,$1.574,2834754,$1.56,$1.58,$1.56
08/27/2021,$1.57,3048552,$1.54,$1.57,$1.54
08/26/2021,$1.53,4786754,$1.55,$1.58,$1.53
08/25/2021,$1.57,7777515,$1.6,$1.61,$1.52
08/24/2021,$1.57,11566100,$1.55,$1.59,$1.55
08/23/2021,$1.51,8718332,$1.5,$1.53,$1.5
08/20/2021,$1.46,2665293,$1.47,$1.48,$1.45
08/19/2021,$1.47,3593653,$1.49,$1.51,$1.47
08/18/2021,$1.49,6286609,$1.49,$1.52,$1.49
08/17/2021,$1.46,4650131,$1.48,$1.49,$1.46
08/16/2021,$1.48,4688741,$1.47,$1.49,$1.46
08/13/2021,$1.485,3603402,$1.5,$1.51,$1.47
08/12/2021,$1.48,3244474,$1.48,$1.49,$1.46
08/11/2021,$1.51,3662949,$1.48,$1.51,$1.47
08/10/2021,$1.47,2946018,$1.47,$1.48,$1.46
08/09/2021,$1.46,4747837,$1.5,$1.51,$1.46
08/06/2021,$1.5,5285832,$1.53,$1.53,$1.5
08/05/2021,$1.49,10453360,$1.48,$1.5,$1.46
08/04/2021,$1.41,6828029,$1.41,$1.43,$1.4
08/03/2021,$1.41,3748361,$1.41,$1.42,$1.39
08/02/2021,$1.39,5229668,$1.4,$1.42,$1.39
07/30/2021,$1.35,3241856,$1.36,$1.38,$1.35
07/29/2021,$1.4,3457712,$1.41,$1.42,$1.39
07/28/2021,$1.38,4722675,$1.4,$1.42,$1.37
07/27/2021,$1.34,4956721,$1.34,$1.36,$1.33
07/26/2021,$1.33,2605267,$1.34,$1.35,$1.33
07/23/2021,$1.33,3247053,$1.34,$1.35,$1.32
07/22/2021,$1.33,3469807,$1.35,$1.36,$1.32
07/21/2021,$1.34,5908526,$1.35,$1.36,$1.33
07/20/2021,$1.27,6070331,$1.23,$1.28,$1.21
07/19/2021,$1.21,15158750,$1.24,$1.26,$1.21
07/16/2021,$1.3,6490614,$1.32,$1.33,$1.3
07/15/2021,$1.3,6859728,$1.3,$1.31,$1.29
07/14/2021,$1.31,9714321,$1.32,$1.34,$1.3
07/13/2021,$1.33,16033680,$1.35,$1.35,$1.32
07/12/2021,$1.39,12437720,$1.39,$1.39,$1.36
07/09/2021,$1.43,2851638,$1.45,$1.45,$1.41
07/08/2021,$1.42,4636922,$1.4,$1.43,$1.39
07/07/2021,$1.43,4309588,$1.45,$1.47,$1.42
07/06/2021,$1.47,5138313,$1.49,$1.49,$1.45
07/02/2021,$1.46,4865585,$1.47,$1.47,$1.44
07/01/2021,$1.43,4375550,$1.4,$1.43,$1.4
06/30/2021,$1.415,6781838,$1.41,$1.43,$1.39
06/29/2021,$1.4,18738650,$1.42,$1.43,$1.39
06/28/2021,$1.46,19360260,$1.48,$1.48,$1.43
06/25/2021,$1.53,6375256,$1.53,$1.53,$1.5
06/24/2021,$1.54,3637381,$1.54,$1.55,$1.53
06/23/2021,$1.55,2839544,$1.56,$1.57,$1.54
06/22/2021,$1.54,2899131,$1.55,$1.56,$1.53
06/21/2021,$1.56,3598651,$1.54,$1.56,$1.52
06/18/2021,$1.54,4823325,$1.53,$1.55,$1.51
06/17/2021,$1.58,4407923,$1.57,$1.6,$1.57
06/16/2021,$1.5635,3419533,$1.57,$1.58,$1.55
06/15/2021,$1.55,4423767,$1.56,$1.57,$1.55
06/14/2021,$1.55,8884193,$1.56,$1.58,$1.55
06/11/2021,$1.63,4377945,$1.62,$1.63,$1.6
06/10/2021,$1.61,7084159,$1.63,$1.64,$1.6
06/09/2021,$1.62,8813345,$1.64,$1.65,$1.62
06/08/2021,$1.63,10784670,$1.62,$1.66,$1.61
06/07/2021,$1.63,7553973,$1.53,$1.63,$1.52
06/04/2021,$1.53,3668892,$1.5,$1.53,$1.49
06/03/2021,$1.52,7274034,$1.53,$1.54,$1.5
06/02/2021,$1.56,8302141,$1.54,$1.56,$1.53
06/01/2021,$1.5,3684708,$1.5,$1.51,$1.496
05/28/2021,$1.48,5377679,$1.49,$1.5,$1.47
05/27/2021,$1.49,6873168,$1.52,$1.53,$1.47
05/26/2021,$1.44,4407355,$1.43,$1.46,$1.42
05/25/2021,$1.46,4183476,$1.48,$1.48,$1.45
05/24/2021,$1.47,2711756,$1.47,$1.47,$1.45
05/21/2021,$1.45,3731911,$1.47,$1.47,$1.45
05/20/2021,$1.45,4755983,$1.43,$1.47,$1.42
05/19/2021,$1.46,5189217,$1.42,$1.47,$1.41
05/18/2021,$1.45,4697521,$1.46,$1.46,$1.44
05/17/2021,$1.455,6608729,$1.475,$1.49,$1.43
05/14/2021,$1.5,3866358,$1.47,$1.5,$1.465
05/13/2021,$1.45,5132038,$1.47,$1.492,$1.43
05/12/2021,$1.45,4901198,$1.49,$1.5047,$1.43
05/11/2021,$1.47,5109915,$1.46,$1.492,$1.45
05/10/2021,$1.5195,7157522,$1.52,$1.56,$1.51
05/07/2021,$1.49,5754588,$1.48,$1.5143,$1.47
05/06/2021,$1.44,6090883,$1.46,$1.4825,$1.42
05/05/2021,$1.44,5714345,$1.45,$1.45,$1.43
05/04/2021,$1.44,7106977,$1.46,$1.46,$1.42
05/03/2021,$1.4901,4371752,$1.48,$1.5,$1.47
04/30/2021,$1.47,3962918,$1.47,$1.49,$1.46
04/29/2021,$1.46,4373446,$1.48,$1.48,$1.448
04/28/2021,$1.48,3841706,$1.45,$1.48,$1.45
04/27/2021,$1.48,5386069,$1.5,$1.5,$1.46
04/26/2021,$1.51,5992636,$1.49,$1.52,$1.49
04/23/2021,$1.45,4496179,$1.43,$1.45,$1.42
04/22/2021,$1.44,5782391,$1.43,$1.46,$1.43
04/21/2021,$1.43,7870646,$1.38,$1.44,$1.37
04/20/2021,$1.42,10034020,$1.45,$1.47,$1.4
04/19/2021,$1.49,6361950,$1.5,$1.5246,$1.49
04/16/2021,$1.49,9330493,$1.51,$1.51,$1.47
04/15/2021,$1.51,5048429,$1.52,$1.54,$1.5
04/14/2021,$1.52,4820964,$1.52,$1.54,$1.52
04/13/2021,$1.53,5661907,$1.52,$1.54,$1.5
04/12/2021,$1.54,8766001,$1.55,$1.55,$1.51
04/09/2021,$1.5899,4167669,$1.57,$1.59,$1.55
04/08/2021,$1.56,5433823,$1.56,$1.58,$1.53
04/07/2021,$1.57,4077225,$1.59,$1.6,$1.56
04/06/2021,$1.6,4735991,$1.58,$1.62,$1.56
04/05/2021,$1.605,7734540,$1.62,$1.63,$1.595
04/01/2021,$1.5701,13004150,$1.54,$1.59,$1.54
03/31/2021,$1.5,5129615,$1.52,$1.52,$1.5
03/30/2021,$1.53,4283757,$1.52,$1.54,$1.51
03/29/2021,$1.5101,5711437,$1.51,$1.52,$1.49
03/26/2021,$1.52,6721944,$1.52,$1.54,$1.5
03/25/2021,$1.52,9052341,$1.48,$1.52,$1.47
03/24/2021,$1.505,11471250,$1.51,$1.55,$1.48
03/23/2021,$1.48,16985490,$1.53,$1.54,$1.47
03/22/2021,$1.57,22168710,$1.63,$1.65,$1.57
03/19/2021,$1.6899,15656440,$1.69,$1.7,$1.66
03/18/2021,$1.76,22449320,$1.78,$1.82,$1.75
03/17/2021,$1.8699,20819220,$1.81,$1.88,$1.8
03/16/2021,$1.79,18177470,$1.74,$1.8,$1.7
03/15/2021,$1.695,10666570,$1.69,$1.7,$1.66
03/12/2021,$1.64,8035482,$1.63,$1.65,$1.61
03/11/2021,$1.64,10225000,$1.64,$1.64,$1.61
03/10/2021,$1.6399,10578880,$1.61,$1.66,$1.58
03/09/2021,$1.6,7064035,$1.59,$1.62,$1.58
03/08/2021,$1.58,10334610,$1.63,$1.63,$1.58
03/05/2021,$1.58,15290220,$1.62,$1.63,$1.49
03/04/2021,$1.588,13408470,$1.67,$1.67,$1.56
03/03/2021,$1.6,7900766,$1.63,$1.64,$1.59
03/02/2021,$1.58,7058729,$1.59,$1.61,$1.58
03/01/2021,$1.61,9186830,$1.61,$1.64,$1.58
02/26/2021,$1.579,11644140,$1.6,$1.6,$1.5
02/25/2021,$1.59,28791490,$1.7,$1.73,$1.55
02/24/2021,$1.71,26749870,$1.57,$1.73,$1.56
02/23/2021,$1.57,20227420,$1.57,$1.59,$1.47
02/22/2021,$1.4901,19645010,$1.45,$1.56,$1.44
02/19/2021,$1.425,13116910,$1.41,$1.46,$1.4
02/18/2021,$1.37,17969280,$1.44,$1.44,$1.36
02/17/2021,$1.47,21224570,$1.48,$1.51,$1.46
02/16/2021,$1.515,37522830,$1.4,$1.57,$1.4
02/12/2021,$1.36,9477887,$1.34,$1.36,$1.32
02/11/2021,$1.34,18132370,$1.34,$1.36,$1.32
02/10/2021,$1.3699,15799740,$1.35,$1.39,$1.34
02/09/2021,$1.35,16463560,$1.35,$1.38,$1.33
02/08/2021,$1.34,13562980,$1.34,$1.36,$1.33
02/05/2021,$1.37,13496090,$1.37,$1.39,$1.36
02/04/2021,$1.37,10494970,$1.36,$1.39,$1.34
02/03/2021,$1.3499,17669420,$1.32,$1.35,$1.31
02/02/2021,$1.37,16318580,$1.38,$1.39,$1.36
02/01/2021,$1.44,24533620,$1.37,$1.49,$1.35
01/29/2021,$1.34,18735630,$1.37,$1.38,$1.33
01/28/2021,$1.41,10810700,$1.41,$1.44,$1.4
01/27/2021,$1.4,13206850,$1.39,$1.41,$1.36
01/26/2021,$1.41,11525240,$1.39,$1.41,$1.38
01/25/2021,$1.46,14874920,$1.43,$1.46,$1.4
01/22/2021,$1.505,9087095,$1.47,$1.51,$1.46
01/21/2021,$1.51,6709491,$1.53,$1.53,$1.5
01/20/2021,$1.54,4991376,$1.55,$1.55,$1.52
01/19/2021,$1.52,7602672,$1.51,$1.52,$1.5
01/15/2021,$1.53,15199810,$1.51,$1.56,$1.49
01/14/2021,$1.52,5354752,$1.51,$1.54,$1.51
01/13/2021,$1.55,13480310,$1.5,$1.56,$1.49
01/12/2021,$1.53,5176839,$1.49,$1.54,$1.49
01/11/2021,$1.505,8546769,$1.48,$1.51,$1.47
01/08/2021,$1.52,7322654,$1.55,$1.55,$1.5
01/07/2021,$1.54,8061424,$1.57,$1.57,$1.52
01/06/2021,$1.55,6136881,$1.57,$1.59,$1.54
01/05/2021,$1.54,6018770,$1.51,$1.56,$1.49
01/04/2021,$1.5,19081930,$1.54,$1.54,$1.46
12/31/2020,$1.58,5767020,$1.61,$1.61,$1.57
12/30/2020,$1.59,5784049,$1.6,$1.62,$1.59
12/29/2020,$1.59,9260420,$1.62,$1.63,$1.59
12/28/2020,$1.71,8364114,$1.79,$1.79,$1.67
12/24/2020,$1.72,12731970,$1.63,$1.78,$1.62
12/23/2020,$1.6,6522685,$1.63,$1.63,$1.56
12/22/2020,$1.55,7294362,$1.57,$1.58,$1.55
12/21/2020,$1.55,14591410,$1.5,$1.59,$1.49
12/18/2020,$1.62,7148601,$1.6,$1.62,$1.59
12/17/2020,$1.61,10124960,$1.62,$1.62,$1.59
12/16/2020,$1.61,7665034,$1.63,$1.64,$1.6
12/15/2020,$1.62,12504030,$1.61,$1.64,$1.57
12/14/2020,$1.7,18381970,$1.69,$1.72,$1.66
12/11/2020,$1.66,22660950,$1.64,$1.67,$1.6
12/10/2020,$1.79,11064540,$1.77,$1.81,$1.72
12/09/2020,$1.81,20775410,$1.88,$1.91,$1.79
12/08/2020,$1.82,34093860,$2.07,$2.09,$1.75
12/07/2020,$2.06,26095250,$2.38,$2.38,$2.01
12/04/2020,$1.755,43502390,$1.755,$1.755,$1.755
12/03/2020,$2.861,56786870,$2.861,$2.861,$2.861
12/02/2020,$1.73,63381160,$1.54,$2.23,$1.52
12/01/2020,$3.39,656072,$3.375,$3.42,$3.31
11/30/2020,$3.31,508277,$3.39,$3.39,$3.3
11/27/2020,$3.37,511069,$3.38,$3.4,$3.35
11/25/2020,$3.4599,1241771,$3.44,$3.47,$3.35
11/24/2020,$3.505,917824,$3.36,$3.52,$3.36
11/23/2020,$3.295,745218,$3.2,$3.31,$3.19
11/20/2020,$3.19,570865,$3.22,$3.22,$3.17
11/19/2020,$3.19,454850,$3.19,$3.21,$3.15
11/18/2020,$3.22,576986,$3.26,$3.26,$3.2
11/17/2020,$3.22,1242434,$3.23,$3.29,$3.19
11/16/2020,$3.257,847018,$3.25,$3.26,$3.18
11/13/2020,$3.1399,548435,$3.06,$3.18,$3.06
11/12/2020,$3.05,633047,$3.06,$3.08,$3.01
11/11/2020,$3.17,601011,$3.23,$3.23,$3.13
11/10/2020,$3.25,1270724,$3.3,$3.36,$3.19
11/09/2020,$3.1,2884628,$3.08,$3.56,$3.01
11/06/2020,$2.68,700975,$2.55,$2.7,$2.55
11/05/2020,$2.75,1364605,$2.65,$2.79,$2.55
11/04/2020,$2.77,2775591,$2.81,$2.94,$2.76
11/03/2020,$2.82,1276449,$2.82,$2.95,$2.76
11/02/2020,$2.68,1129306,$2.59,$2.76,$2.445
10/30/2020,$2.52,1107331,$2.54,$2.57,$2.37
10/29/2020,$2.59,1875794,$2.5,$2.8,$2.49
10/28/2020,$2.93,1844335,$3.025,$3.09,$2.75
10/27/2020,$2.861,1153905,$2.861,$2.861,$2.861
10/26/2020,$2.87,1229305,$3.01,$3.09,$2.84
10/23/2020,$3.12,2356571,$3.04,$3.16,$2.98
10/22/2020,$2.97,1629965,$2.89,$2.99,$2.82
10/21/2020,$2.93,951241,$2.97,$2.99,$2.91
10/20/2020,$2.89,1547998,$2.84,$2.94,$2.84
10/19/2020,$2.78,1451545,$2.83,$2.85,$2.69
10/16/2020,$2.7601,2403385,$2.76,$2.82,$2.66
10/15/2020,$2.52,2273222,$2.38,$2.57,$2.32
10/14/2020,$2.32,1562106,$2.365,$2.39,$2.28
10/13/2020,$2.3899,3310902,$2.46,$2.47,$2.32
10/12/2020,$2.6499,5694656,$3.05,$3.07,$2.42
10/09/2020,$2.96,6249258,$2.91,$2.99,$2.7
10/08/2020,$2.66,5910730,$2.46,$2.77,$2.41
10/07/2020,$2.1,2902164,$2.105,$2.12,$2.03
10/06/2020,$1.99,4824335,$1.85,$2.09,$1.805
10/05/2020,$1.68,1188407,$1.61,$1.68,$1.6
10/02/2020,$1.55,2178534,$1.4,$1.56,$1.38
10/01/2020,$1.585,4369447,$1.56,$1.77,$1.51
09/30/2020,$1.72,2641119,$1.75,$1.81,$1.7
09/29/2020,$1.86,1750874,$1.89,$1.97,$1.85
09/28/2020,$2,1208537,$1.93,$2.035,$1.91
09/25/2020,$2.05,970750,$1.96,$2.35,$1.87
09/24/2020,$1.97,1022659,$2.01,$2.035,$1.95
09/23/2020,$2.0699,1052091,$2.17,$2.2,$2.05
09/22/2020,$2.1298,638311,$2.08,$2.16,$2.06
09/21/2020,$2.15,1406741,$2.16,$2.16,$2.055
09/18/2020,$2.36,727784,$2.41,$2.41,$2.33
09/17/2020,$2.49,377077,$2.48,$2.51,$2.46
09/16/2020,$2.53,1068681,$2.54,$2.55,$2.4
09/15/2020,$2.65,963752,$2.73,$2.73,$2.63
09/14/2020,$2.74,3294607,$2.725,$2.77,$2.71
09/11/2020,$2.7,386395,$2.67,$2.8288,$2.67
09/10/2020,$2.695,719113,$2.85,$2.85,$2.68
09/09/2020,$2.78,833790,$2.82,$2.82,$2.76
09/08/2020,$2.875,537006,$2.9,$2.92,$2.85
09/04/2020,$2.945,450178,$2.96,$2.98,$2.9
09/03/2020,$2.94,732023,$3.08,$3.095,$2.9
09/02/2020,$2.95,892789,$2.88,$2.97,$2.86
09/01/2020,$2.89,4518414,$2.85,$2.91,$2.81
08/31/2020,$3.22,252281,$3.315,$3.34,$3.2
08/28/2020,$3.22,276083,$3.28,$3.28,$3.21
08/27/2020,$3.31,348885,$3.18,$3.45,$3.13
08/26/2020,$3.38,261924,$3.38,$3.38,$3.31
08/25/2020,$3.41,245971,$3.46,$3.47,$3.36
08/24/2020,$3.43,211558,$3.41,$3.45,$3.34
08/21/2020,$3.39,148050,$3.39,$3.4,$3.28
08/20/2020,$3.385,320769,$3.36,$3.4,$3.32
08/19/2020,$3.415,229348,$3.37,$3.48,$3.37
08/18/2020,$3.36,276125,$3.39,$3.43,$3.36
08/17/2020,$3.37,136766,$3.42,$3.43,$3.36
08/14/2020,$3.38,152770,$3.38,$3.41,$3.35
08/13/2020,$3.4802,196820,$3.545,$3.55,$3.47
08/12/2020,$3.54,281314,$3.62,$3.65,$3.53
08/11/2020,$3.56,657949,$3.59,$3.62,$3.53
08/10/2020,$3.51,391842,$3.43,$3.51,$3.39
08/07/2020,$3.32,416938,$3.27,$3.34,$3.255
08/06/2020,$3.375,425663,$3.34,$3.4,$3.33
08/05/2020,$3.435,445523,$3.37,$3.46,$3.335
08/04/2020,$3.27,818980,$3.18,$3.27,$3.16
08/03/2020,$3.06,1293310,$2.9,$3.06,$2.86
07/31/2020,$3.06,517308,$3.21,$3.2144,$3.04
07/30/2020,$3.26,312135,$3.18,$3.28,$3.14
07/29/2020,$3.3397,433481,$3.46,$3.46,$3.31
07/28/2020,$3.43,357498,$3.36,$3.48,$3.35
07/27/2020,$3.41,404732,$3.38,$3.41,$3.3202
07/24/2020,$3.47,328339,$3.31,$3.5,$3.31
07/23/2020,$3.4697,232378,$3.6075,$3.61,$3.44
07/22/2020,$3.64,123046,$3.57,$3.71,$3.53
07/21/2020,$3.641,724985,$3.57,$3.68,$3.57
07/20/2020,$3.42,401817,$3.39,$3.43,$3.33
07/17/2020,$3.36,172098,$3.31,$3.48,$3.31
07/16/2020,$3.42,412706,$3.46,$3.46,$3.35
07/15/2020,$3.47,520442,$3.425,$3.49,$3.425
07/14/2020,$3.304,753033,$3.28,$3.31,$3.23
07/13/2020,$3.385,2682306,$3.41,$3.46,$3.375
07/10/2020,$3.41,411846,$3.32,$3.43,$3.3
07/09/2020,$3.33,1318745,$3.41,$3.42,$3.28
07/08/2020,$3.7,568794,$3.59,$3.7,$3.57
07/07/2020,$3.51,1031208,$3.51,$3.56,$3.49
07/06/2020,$3.67,1172407,$3.53,$3.67,$3.49
07/02/2020,$3.65,258546,$3.68,$3.71,$3.58
07/01/2020,$3.57,192005,$3.48,$3.635,$3.45
06/30/2020,$3.56,516860,$3.56,$3.57,$3.52
06/29/2020,$3.61,356217,$3.59,$3.63,$3.53
06/26/2020,$3.56,2723435,$3.68,$3.68,$3.5
06/25/2020,$3.73,238687,$3.65,$3.8,$3.62
06/24/2020,$3.74,452070,$3.875,$3.89,$3.71
06/23/2020,$3.96,257544,$4.09,$4.09,$3.96
06/22/2020,$4.05,441745,$4.03,$4.06,$3.97
06/19/2020,$4.09,151657,$4.2,$4.2,$4.08
06/18/2020,$4.17,214003,$4.01,$4.17,$4.005
06/17/2020,$4.21,176407,$4.245,$4.28,$4.05
06/16/2020,$4.21,504951,$4.43,$4.44,$4.16
06/15/2020,$4.17,355529,$3.92,$4.19,$3.88
06/12/2020,$4.14,364501,$4.25,$4.28,$4
06/11/2020,$3.98,745029,$4.135,$4.22,$3.96
06/10/2020,$4.49,594839,$4.49,$4.57,$4.39
06/09/2020,$4.71,3818814,$4.71,$4.81,$4.65
06/08/2020,$5.15,1120686,$5.13,$5.22,$5.04
06/05/2020,$4.46,694248,$4.45,$4.53,$4.4
06/04/2020,$4.05,607337,$4.06,$4.15,$3.99
06/03/2020,$4.13,698808,$4.09,$4.2,$4.08
06/02/2020,$3.77,927209,$3.75,$3.79,$3.71
06/01/2020,$3.63,551026,$3.52,$3.63,$3.46
05/29/2020,$3.48,1772168,$3.45,$3.53,$3.4
05/28/2020,$3.95,3153192,$3.9,$4.04,$3.87
05/27/2020,$4.12,904289,$4.3,$4.32,$4.07
05/26/2020,$3.87,1000313,$3.84,$3.89,$3.8
05/22/2020,$3.43,259670,$3.46,$3.5,$3.36
05/21/2020,$3.47,622406,$3.53,$3.61,$3.4
05/20/2020,$3.34,903919,$3.45,$3.47,$3.31
05/19/2020,$3.24,912435,$3.25,$3.39,$3.18
05/18/2020,$3.32,1087661,$3.15,$3.33,$3.15
05/15/2020,$3,467799,$3.03,$3.03,$2.9899
05/14/2020,$3.01,524285,$2.99,$3.1,$2.85
05/13/2020,$3.12,815933,$3.21,$3.25,$3.08
05/12/2020,$3.382,1123124,$3.42,$3.44,$3.37
05/11/2020,$3.47,423763,$3.42,$3.49,$3.4
05/08/2020,$3.58,365840,$3.53,$3.59,$3.49
05/07/2020,$3.5,739281,$3.48,$3.54,$3.45
05/06/2020,$3.59,316868,$3.68,$3.695,$3.56
05/05/2020,$3.69,334348,$3.76,$3.78,$3.63
05/04/2020,$3.65,961017,$3.52,$3.65,$3.505
05/01/2020,$3.88,284285,$4.04,$4.09,$3.88
04/30/2020,$4.1,941342,$4.09,$4.205,$4.02
04/29/2020,$4.41,615345,$4.3,$4.41,$4.25
04/28/2020,$3.92,737162,$3.905,$3.98,$3.88
04/27/2020,$3.8,446917,$3.78,$3.83,$3.75
04/24/2020,$3.82,321488,$3.8,$3.82,$3.74
04/23/2020,$3.805,876261,$3.84,$3.92,$3.79
04/22/2020,$3.81,475230,$3.84,$3.85,$3.78
04/21/2020,$3.765,521202,$3.77,$3.83,$3.74
04/20/2020,$3.99,475448,$4.01,$4.09,$3.98
04/17/2020,$4.14,426940,$4.15,$4.15,$4.04
04/16/2020,$3.82,681949,$3.885,$3.9,$3.78
04/15/2020,$3.86,457173,$3.92,$3.93,$3.82
04/14/2020,$4.19,1658869,$4.1,$4.25,$4.1
04/13/2020,$4.19,637179,$4.28,$4.28,$4.19
04/09/2020,$4.25,2657756,$4.23,$4.37,$4.2
04/08/2020,$4,10670430,$4.03,$4.06,$3.87
04/07/2020,$4.04,3106380,$4.33,$4.37,$4.02
04/06/2020,$3.66,8452739,$3.64,$3.68,$3.52
04/03/2020,$3.1,4472192,$3.25,$3.25,$3.04
04/02/2020,$3.5,772630,$3.42,$3.61,$3.26
04/01/2020,$3.7,691177,$3.85,$3.86,$3.69
03/31/2020,$4.22,787617,$4.3,$4.35,$4.17
03/30/2020,$4.09,1350029,$4.08,$4.18,$3.9
03/27/2020,$4.57,468476,$4.595,$4.78,$4.47
03/26/2020,$5,925455,$4.78,$5.05,$4.78
03/25/2020,$4.74,459732,$4.475,$4.8,$4.46
03/24/2020,$4.17,811967,$4.15,$4.28,$4.02
03/23/2020,$3.96,1514483,$3.8,$4.06,$3.6
03/20/2020,$4.2,417346,$4.19,$4.47,$4.15
03/19/2020,$4.4,2809209,$3.8475,$4.53,$3.7401
03/18/2020,$4.16,1536669,$4.01,$4.16,$3.875
03/17/2020,$4.77,1560125,$4.88,$5.03,$4.615
03/16/2020,$5.24,743210,$5.02,$5.87,$4.89
03/13/2020,$6.3375,1346152,$6.3,$6.35,$5.8
03/12/2020,$5.99,1478166,$6.13,$6.26,$5.75
03/11/2020,$6.998,726533,$7.185,$7.25,$6.9
03/10/2020,$7.49,825457,$7.54,$7.56,$7.25
03/09/2020,$7.45,399546,$7.4,$7.78,$7.38
03/06/2020,$7.84,344542,$7.74,$7.92,$7.73
03/05/2020,$7.68,448523,$7.55,$7.73,$7.48
03/04/2020,$8.05,505635,$8.04,$8.07,$7.86
03/03/2020,$8.18,800148,$8.33,$8.4,$8.06
03/02/2020,$8.02,523313,$8.08,$8.13,$7.77
02/28/2020,$8.15,1130780,$8.21,$8.335,$8
02/27/2020,$7.71,493992,$7.75,$7.96,$7.63
02/26/2020,$7.96,340021,$8.04,$8.11,$7.921
02/25/2020,$7.885,467033,$8.18,$8.23,$7.87
02/24/2020,$8.22,263163,$8.14,$8.26,$8.04
02/21/2020,$8.46,290778,$8.6,$8.64,$8.45
02/20/2020,$8.79,248769,$8.79,$8.86,$8.68
02/19/2020,$8.744,633734,$8.7,$8.8,$8.66
02/18/2020,$8.98,459378,$8.93,$9,$8.85
02/14/2020,$8.955,772853,$8.96,$9.01,$8.89
02/13/2020,$8.83,235226,$8.83,$8.93,$8.83
02/12/2020,$9.17,222714,$9.17,$9.19,$9.11
02/11/2020,$9.13,249688,$9.06,$9.2,$9.06
02/10/2020,$9.1476,153129,$9.03,$9.1476,$9.03
02/07/2020,$9,282988,$9.1,$9.1,$8.99
02/06/2020,$9.13,174717,$9.19,$9.21,$9.13
02/05/2020,$9.12,342153,$9.11,$9.14,$9.05
02/04/2020,$9.09,238071,$9.05,$9.11,$9.02
02/03/2020,$8.96,453411,$8.9,$9,$8.89
01/31/2020,$8.988,307526,$8.99,$9.04,$8.95
01/30/2020,$9.08,419169,$8.94,$9.09,$8.91
01/29/2020,$8.94,781571,$8.8,$8.98,$8.8
01/28/2020,$8.72,494227,$8.59,$8.72,$8.54
01/27/2020,$8.5,918143,$8.36,$8.54,$8.33
01/24/2020,$8.725,550730,$8.78,$8.81,$8.714
01/23/2020,$8.8175,624885,$8.85,$8.87,$8.73
01/22/2020,$8.76,1177303,$8.81,$8.81,$8.68
01/21/2020,$8.8599,731051,$8.87,$8.9,$8.8201
01/17/2020,$9.02,242642,$9.02,$9.03,$8.97
01/16/2020,$9.06,926243,$8.93,$9.09,$8.92
01/15/2020,$8.95,309563,$8.95,$9.02,$8.93
01/14/2020,$8.97,714617,$8.99,$9,$8.92
01/13/2020,$9,985330,$8.86,$9.01,$8.84
01/10/2020,$9.06,1679832,$9.05,$9.08,$9.01
01/09/2020,$9.03,1115372,$8.92,$9.04,$8.916
01/08/2020,$8.8,336652,$8.73,$8.8699,$8.7
01/07/2020,$8.78,351640,$8.81,$8.82,$8.728
01/06/2020,$9,418860,$8.896,$9.02,$8.89
01/03/2020,$8.82,269743,$8.88,$8.9,$8.82
01/02/2020,$8.99,369635,$8.99,$9.01,$8.93
12/31/2019,$9.01,370153,$8.92,$9.06,$8.88
12/30/2019,$9.01,401904,$9.15,$9.15,$9.01
12/27/2019,$9.15,267321,$9.1775,$9.21,$9.15
12/26/2019,$9.1899,400389,$9.03,$9.2,$8.99
12/24/2019,$8.99,177777,$9.09,$9.09,$8.98
12/23/2019,$9.0899,336674,$9.02,$9.09,$9
12/20/2019,$9,397456,$9.04,$9.06,$9
12/19/2019,$8.985,274972,$9.05,$9.06,$8.98
12/18/2019,$9.09,255795,$9.12,$9.15,$9.07
12/17/2019,$9.001,508887,$9.065,$9.08,$9
12/16/2019,$9.38,507199,$9.4,$9.43,$9.3225
12/13/2019,$9.15,485097,$9.138,$9.25,$9.12
12/12/2019,$9.25,551119,$9.17,$9.32,$9.16
12/11/2019,$9.22,604475,$9.265,$9.32,$9.19
12/10/2019,$9.16,1542148,$9.3175,$9.3501,$9.16
12/09/2019,$9.54,455739,$9.485,$9.57,$9.46
12/06/2019,$9.37,285537,$9.35,$9.4,$9.33
12/05/2019,$9.2,287236,$9.16,$9.23,$9.13
12/04/2019,$9.17,370726,$9.18,$9.24,$9.12
12/03/2019,$8.99,403803,$8.93,$9.06,$8.87
12/02/2019,$9.023,453049,$9.21,$9.27,$8.99
11/29/2019,$9.242,212718,$9.27,$9.35,$9.23
11/27/2019,$9.28,198448,$9.398,$9.4,$9.25
11/26/2019,$9.54,251792,$9.65,$9.6501,$9.53
11/25/2019,$9.68,397364,$9.64,$9.68,$9.535
11/22/2019,$9.46,229640,$9.54,$9.57,$9.41
11/21/2019,$9.33,403664,$9.4225,$9.4225,$9.31
11/20/2019,$9.395,298902,$9.51,$9.53,$9.35
11/19/2019,$9.55,507101,$9.63,$9.75,$9.55
11/18/2019,$9.6,297509,$9.45,$9.62,$9.45
11/15/2019,$9.6,151513,$9.51,$9.6,$9.51
11/14/2019,$9.4882,225764,$9.425,$9.51,$9.4
11/13/2019,$9.54,180275,$9.55,$9.555,$9.46
11/12/2019,$9.6,112181,$9.59,$9.67,$9.53
11/11/2019,$9.62,121262,$9.7,$9.73,$9.47
11/08/2019,$9.99,91270,$9.96,$10.03,$9.94
11/07/2019,$10.03,143571,$10.13,$10.18,$10.01
11/06/2019,$10.06,105788,$10.05,$10.1,$10.03
11/05/2019,$9.988,109539,$9.89,$10,$9.78
11/04/2019,$9.57,100247,$9.57,$9.63,$9.56
11/01/2019,$9.46,273752,$9.225,$9.5,$9.225
10/31/2019,$9.3,157944,$9.25,$9.32,$9.14
10/30/2019,$9.32,70494,$9.21,$9.32,$9.18
10/29/2019,$9.28,133181,$9.35,$9.36,$9.27
10/28/2019,$9.41,218532,$9.4,$9.464,$9.36
10/25/2019,$9.329,750961,$9.13,$9.33,$9.111
10/24/2019,$9.08,148941,$9.05,$9.08,$9.02
10/23/2019,$9.41,170738,$9.27,$9.44,$9.27
10/22/2019,$9.37,276028,$9.32,$9.4699,$9.315
10/21/2019,$9.18,139110,$9.2,$9.24,$9.16
10/18/2019,$9.28,196051,$9.31,$9.4125,$9.18
10/17/2019,$9.41,171299,$9.51,$9.53,$9.37
10/16/2019,$9.54,144884,$9.62,$9.62,$9.53
10/15/2019,$9.582,133532,$9.383,$9.63,$9.38
10/14/2019,$9.56,1330825,$9.39,$9.63,$9.3615
10/11/2019,$9.33,134008,$9.23,$9.41,$9.2
10/10/2019,$8.98,263181,$8.98,$9.1,$8.93
10/09/2019,$8.97,176437,$9.03,$9.03,$8.89
10/08/2019,$8.87,214703,$8.85,$9,$8.83
10/07/2019,$9.0399,538927,$8.99,$9.07,$8.9675
10/04/2019,$8.97,290640,$9,$9,$8.89
10/03/2019,$8.9301,254422,$8.9,$8.97,$8.84
10/02/2019,$9.05,209635,$9.13,$9.19,$9.05
10/01/2019,$9.46,343513,$9.63,$9.63,$9.45
09/30/2019,$9.72,171615,$9.76,$9.83,$9.7
09/27/2019,$9.71,93367,$9.871,$9.878,$9.66
09/26/2019,$9.72,139438,$9.78,$9.8,$9.68
09/25/2019,$9.69,110663,$9.57,$9.69,$9.52
09/24/2019,$9.61,127714,$9.67,$9.71,$9.6
09/23/2019,$9.65,200817,$9.69,$9.73,$9.61
09/20/2019,$9.86,754010,$9.84,$9.94,$9.81
09/19/2019,$10.1258,131133,$10.03,$10.18,$10.03
09/18/2019,$10.08,190198,$10.06,$10.1,$9.9801
09/17/2019,$10.12,487972,$10.033,$10.16,$10
09/16/2019,$10.11,461301,$10.12,$10.17,$10.07
09/13/2019,$10.45,575889,$10.39,$10.45,$10.31
09/12/2019,$10.27,222820,$10.193,$10.34,$10.11
09/11/2019,$10.33,139417,$10.59,$10.59,$10.26
09/10/2019,$10.11,198394,$9.89,$10.13,$9.89
09/09/2019,$9.75,117572,$9.72,$9.83,$9.71
09/06/2019,$9.71,147767,$9.77,$9.77,$9.69
09/05/2019,$9.56,215354,$9.54,$9.6,$9.54
09/04/2019,$9.45,216976,$9.47,$9.48,$9.39
09/03/2019,$9.315,103147,$9.19,$9.41,$9.19
08/30/2019,$9.43,158731,$9.55,$9.55,$9.42
08/29/2019,$9.26,133395,$9.27,$9.3,$9.25
08/28/2019,$9.19,160295,$9.11,$9.23,$9.06
08/27/2019,$9.29,326381,$9.34,$9.36,$9.28
08/26/2019,$9.3,172966,$9.41,$9.41,$9.21
08/23/2019,$9.23,178375,$9.4,$9.43,$9.22
08/22/2019,$9.56,268442,$9.46,$9.56,$9.3401
08/21/2019,$9.6001,120003,$9.6025,$9.65,$9.56
08/20/2019,$9.41,349777,$9.44,$9.49,$9.37
08/19/2019,$9.32,215798,$9.38,$9.4,$9.31
08/16/2019,$9.26,252507,$9.235,$9.29,$9.22
08/15/2019,$9.25,270831,$9.14,$9.31,$9.14
08/14/2019,$9.21,396917,$9.21,$9.29,$9.15
08/13/2019,$9.24,239163,$9,$9.28,$9
08/12/2019,$9.2,122120,$9.19,$9.29,$9.19
08/09/2019,$9.65,137324,$9.58,$9.67,$9.53
08/08/2019,$9.63,1512713,$9.418,$9.65,$9.41
08/07/2019,$9.17,599066,$9.02,$9.2,$9.01
08/06/2019,$9.54,740415,$9.61,$9.65,$9.4
08/05/2019,$10.07,174301,$10,$10.11,$9.9815
08/02/2019,$10.22,171271,$10.325,$10.37,$10.2
08/01/2019,$10.46,182616,$10.39,$10.69,$10.39
07/31/2019,$10.62,222888,$10.712,$10.8,$10.55
07/30/2019,$10.98,132713,$11.16,$11.17,$10.97
07/29/2019,$11.04,157160,$10.935,$11.08,$10.9
07/26/2019,$10.94,83825,$10.83,$11,$10.83
07/25/2019,$11.04,284109,$10.94,$11.1,$10.94
07/24/2019,$11.16,131708,$10.97,$11.27,$10.97
07/23/2019,$11.08,138456,$11,$11.09,$10.99
07/22/2019,$10.9,112055,$10.9,$11,$10.88
07/19/2019,$10.85,74664,$10.86,$10.99,$10.82
07/18/2019,$10.81,101512,$10.85,$10.884,$10.78
07/17/2019,$10.87,100751,$10.91,$11.06,$10.84
07/16/2019,$10.8,109076,$10.85,$10.95,$10.79
07/15/2019,$10.82,1001186,$10.77,$10.8598,$10.73
07/12/2019,$10.7,91999,$10.77,$10.77,$10.68
07/11/2019,$10.7,123193,$10.725,$10.76,$10.67
07/10/2019,$10.75,281956,$10.75,$10.776,$10.65
07/09/2019,$10.75,230547,$10.72,$10.78,$10.7
07/08/2019,$10.74,89078,$10.76,$10.82,$10.72
07/05/2019,$10.89,54055,$10.93,$10.95,$10.79
07/03/2019,$11.07,62855,$11.11,$11.11,$11.04
07/02/2019,$10.91,104693,$10.875,$10.92,$10.83
07/01/2019,$10.92,239377,$10.92,$11.07,$10.8701
06/28/2019,$10.78,182779,$10.85,$10.96,$10.68
06/27/2019,$10.81,91702,$10.88,$10.883,$10.7301
06/26/2019,$10.84,99988,$11,$11.03,$10.82
06/25/2019,$11.16,95941,$11.26,$11.26,$11.11
06/24/2019,$11.34,639126,$11.4,$11.5,$11.33
06/21/2019,$11.25,252928,$11.46,$11.46,$11.15
06/20/2019,$11.69,141755,$11.71,$11.73,$11.6
06/19/2019,$11.51,218486,$11.6,$11.6,$11.49
06/18/2019,$11.6,74109,$11.635,$11.7,$11.6
06/17/2019,$11.4,92468,$11.47,$11.5,$11.4
06/14/2019,$11.28,593082,$11.37,$11.42,$11.27
06/13/2019,$11.4,135883,$11.53,$11.53,$11.4
06/12/2019,$11.51,86300,$11.542,$11.542,$11.45
06/11/2019,$11.55,69748,$11.71,$11.74,$11.55
06/10/2019,$11.56,110046,$11.51,$11.71,$11.49
06/07/2019,$11.73,88947,$11.74,$11.7999,$11.7
06/06/2019,$11.57,97961,$11.63,$11.63,$11.45
06/05/2019,$11.4,123511,$11.485,$11.5199,$11.35
06/04/2019,$11.4,114285,$11.35,$11.44,$11.29
06/03/2019,$11.14,67703,$11.14,$11.21,$11.05
05/31/2019,$11.14,608307,$10.97,$11.17,$10.9224
05/30/2019,$11.26,243086,$11.15,$11.27,$11.11
05/29/2019,$11.15,295513,$11,$11.18,$11
05/28/2019,$11.34,376608,$11.42,$11.5,$11.33
05/24/2019,$11.59,2423949,$11.32,$11.61,$11.32
05/23/2019,$11.53,1056996,$11.47,$11.56,$11.38
05/22/2019,$11.89,1280808,$11.81,$11.89,$11.81
05/21/2019,$11.95,951762,$11.88,$12.0527,$11.7901
05/20/2019,$12.18,1153300,$12.11,$12.2199,$12.09
05/17/2019,$12.16,1623408,$12.053,$12.24,$12
05/16/2019,$12.21,1398879,$12.03,$12.21,$12.03
05/15/2019,$12.08,2150409,$11.84,$12.1,$11.84
05/14/2019,$11.97,2836215,$11.88,$12,$11.83
05/13/2019,$11.81,3321723,$11.93,$11.94,$11.8
05/10/2019,$12.27,3802583,$12.15,$12.27,$12.0701
05/09/2019,$12.15,1209475,$11.92,$12.15,$11.92
05/08/2019,$12.04,2463629,$11.95,$12.13,$11.94
05/07/2019,$12.03,774527,$12.17,$12.2,$12
05/06/2019,$12.46,30830,$12.05,$12.46,$12.05
05/03/2019,$12.455,560083,$12.38,$12.48,$12.34
05/02/2019,$12.12,130247,$12.1,$12.227,$12.01
05/01/2019,$12.02,29561,$12.03,$12.12,$12.01
04/30/2019,$12.11,46750,$12.04,$12.14,$12.04
04/29/2019,$12.05,22993,$12.07,$12.1,$12
04/26/2019,$11.975,59253,$11.99,$12.09,$11.92
04/25/2019,$12.09,40209,$12.03,$12.1,$12.03
04/24/2019,$12.045,31514,$12.04,$12.09,$12
04/23/2019,$12,31252,$12.02,$12.03,$11.96
04/22/2019,$11.985,30723,$11.95,$12.08,$11.95
04/18/2019,$12.07,230707,$11.9,$12.07,$11.8892
04/17/2019,$11.99,41315,$12,$12.02,$11.9
04/16/2019,$11.87,30030,$11.86,$11.94,$11.84
04/15/2019,$11.78,34087,$11.6,$11.86,$11.6
04/12/2019,$11.85,1149028,$11.71,$11.85,$11.71
04/11/2019,$11.595,48002,$11.6,$11.6,$11.55
04/10/2019,$11.705,57615,$11.7,$11.72,$11.63
04/09/2019,$11.76,42681,$11.83,$11.85,$11.75
04/08/2019,$11.985,71862,$11.974,$12.01,$11.94
04/05/2019,$12.17,38286,$11.96,$12.17,$11.96
04/04/2019,$11.985,204863,$12.02,$12.02,$11.88
04/03/2019,$12.05,122795,$11.9,$12.08,$11.9
04/02/2019,$11.965,63210,$11.91,$11.99,$11.85
04/01/2019,$12.12,44145,$11.99,$12.14,$11.99
03/29/2019,$11.83,40430,$11.89,$11.89,$11.78
03/28/2019,$11.862,43892,$11.9,$11.92,$11.68
03/27/2019,$11.905,43804,$11.92,$11.94,$11.83
03/26/2019,$11.855,46033,$11.86,$11.95,$11.81
03/25/2019,$11.87,39979,$11.76,$11.91,$11.74
03/22/2019,$12,64242,$12.05,$12.1,$11.96
03/21/2019,$12.19,34699,$12.24,$12.25,$12.08
03/20/2019,$12.24,132302,$12.03,$12.36,$12.03
03/19/2019,$12.19,156490,$12.18,$12.27,$12.18
03/18/2019,$12.125,45258,$11.98,$12.13,$11.98
03/15/2019,$11.98,44644,$11.98,$12.05,$11.94
03/14/2019,$11.98,25904,$11.77,$12.03,$11.77
03/13/2019,$11.8699,72287,$11.71,$11.87,$11.71
03/12/2019,$11.69,71492,$11.595,$11.72,$11.595
03/11/2019,$11.735,55379,$11.57,$11.75,$11.57
03/08/2019,$11.59,78826,$11.52,$11.672,$11.4
03/07/2019,$11.795,37251,$11.85,$11.85,$11.71
03/06/2019,$11.885,75187,$11.93,$11.93,$11.84
03/05/2019,$12.095,752203,$11.88,$12.14,$11.87
03/04/2019,$11.785,339982,$11.89,$11.89,$11.72
03/01/2019,$11.99,119314,$12.205,$12.24,$11.95
02/28/2019,$12.815,181141,$12.64,$12.88,$12.64
02/27/2019,$13.08,68742,$12.99,$13.11,$12.97
02/26/2019,$12.935,35122,$12.815,$12.97,$12.8
02/25/2019,$12.78,45920,$12.87,$12.87,$12.74
02/22/2019,$12.805,28617,$12.78,$12.87,$12.78
02/21/2019,$12.82,30735,$12.82,$12.87,$12.76
02/20/2019,$12.97,34248,$12.838,$12.98,$12.838
02/19/2019,$12.75,43813,$12.68,$12.75,$12.61
02/15/2019,$12.525,56628,$12.31,$12.54,$12.3
02/14/2019,$12.16,30147,$12.24,$12.27,$12.13
02/13/2019,$12.14,82893,$12.16,$12.27,$12.09
02/12/2019,$11.8206,174205,$11.76,$11.88,$11.75
02/11/2019,$11.78,32810,$11.81,$11.85,$11.75
02/08/2019,$11.78,27788,$11.75,$11.8,$11.7
02/07/2019,$11.78,207516,$11.87,$11.87,$11.755
02/06/2019,$11.87,33484,$11.785,$11.9,$11.76
02/05/2019,$11.935,45406,$11.85,$11.95,$11.83
02/04/2019,$11.82,28608,$11.71,$11.84,$11.7
02/01/2019,$11.77,139713,$11.8,$11.86,$11.76
01/31/2019,$11.645,124697,$11.65,$11.7,$11.59
01/30/2019,$11.675,37366,$11.63,$11.7,$11.55
01/29/2019,$11.455,36505,$11.54,$11.55,$11.45
01/28/2019,$11.37,183712,$11.395,$11.4,$11.3
01/25/2019,$11.485,204118,$11.57,$11.57,$11.47
01/24/2019,$11.525,143772,$11.46,$11.55,$11.34
01/23/2019,$11.5,51104,$11.48,$11.61,$11.42
01/22/2019,$11.545,140834,$11.53,$11.67,$11.51
01/18/2019,$11.66,66939,$11.49,$11.69,$11.46
01/17/2019,$11.34,59916,$11.11,$11.34,$11.095
01/16/2019,$11.42,49955,$11.48,$11.49,$11.35
01/15/2019,$11.495,391460,$11.27,$11.54,$11.27
01/14/2019,$11.215,128317,$11.142,$11.25,$11.1
01/11/2019,$11.265,1093523,$11.1,$11.32,$11.06
01/10/2019,$11.02,78674,$10.87,$11.04,$10.84
01/09/2019,$11.075,63400,$11.04,$11.271,$10.975
01/08/2019,$10.865,128687,$10.92,$10.9598,$10.7812
01/07/2019,$10.36,116183,$10.32,$10.42,$10.28
01/04/2019,$10.48,95629,$10.1,$10.56,$10.1
01/03/2019,$9.955,61900,$10.135,$10.142,$9.93
01/02/2019,$10.195,79613,$10.19,$10.32,$10.15
12/31/2018,$10.455,202102,$10.5,$10.71,$10.39
12/28/2018,$10.26,122832,$10.36,$10.38,$10.26
12/27/2018,$10.25,216311,$10.11,$10.39,$10.1
12/26/2018,$10.225,110679,$10.35,$10.35,$10
12/24/2018,$10.11,59409,$10.04,$10.31,$10.02
12/21/2018,$10.07,166081,$10.11,$10.33,$10.03
12/20/2018,$10.15,191366,$10.12,$10.235,$10.05
12/19/2018,$10.275,100275,$10.35,$10.48,$10.17
12/18/2018,$10.35,125603,$10.265,$10.4,$10.16
12/17/2018,$10.1,100911,$10.12,$10.2,$10.01
12/14/2018,$10.07,172948,$10.14,$10.2199,$10.07
12/13/2018,$10.325,82632,$10.33,$10.4,$10.25
12/12/2018,$10.315,49525,$10.35,$10.44,$10.27
12/11/2018,$9.825,607806,$9.88,$9.91,$9.7166
12/10/2018,$9.64,228387,$9.84,$9.84,$9.5
12/07/2018,$10.035,148192,$10.3,$10.35,$9.98
12/06/2018,$10.34,195318,$10.248,$10.34,$10.08
12/04/2018,$10.8,236320,$11.03,$11.04,$10.73
12/03/2018,$11.085,154025,$11.08,$11.28,$10.96
11/30/2018,$10.85,70892,$10.78,$10.86,$10.75
11/29/2018,$10.87,85078,$10.89,$10.92,$10.82
11/28/2018,$10.75,65463,$10.64,$10.8,$10.54
11/27/2018,$10.675,121654,$10.685,$10.77,$10.62
11/26/2018,$10.88,93298,$10.65,$10.88,$10.65
11/23/2018,$10.36,32362,$10.33,$10.45,$10.31
11/21/2018,$10.43,198405,$10.3,$10.46,$10.28
11/20/2018,$10.025,193085,$10.12,$10.16,$10
11/19/2018,$10.22,72286,$10.36,$10.37,$10.17
11/16/2018,$10.365,45960,$10.3,$10.39,$10.28
11/15/2018,$10.465,204809,$10.45,$10.5625,$10.33
11/14/2018,$10.535,68481,$10.6,$10.67,$10.44
11/13/2018,$10.615,83199,$10.61,$10.82,$10.58
11/12/2018,$10.51,2766369,$10.721,$10.74,$10.51
11/09/2018,$10.685,61455,$10.69,$10.76,$10.61
11/08/2018,$11.005,62237,$11.11,$11.15,$10.94
11/07/2018,$11.19,64810,$11.1,$11.19,$11.07
11/06/2018,$10.97,62608,$10.92,$11,$10.8
11/05/2018,$10.84,40744,$10.91,$10.92,$10.794
11/02/2018,$10.935,40568,$10.97,$11.08,$10.78
11/01/2018,$10.98,117755,$10.9,$11.02,$10.883
10/31/2018,$10.815,87433,$10.72,$10.98,$10.72
10/30/2018,$10.57,97294,$10.45,$10.6,$10.4
10/29/2018,$10.67,1080977,$11,$11.055,$10.57
10/26/2018,$10.865,137977,$10.72,$10.92,$10.62
10/25/2018,$11.205,109712,$11.13,$11.275,$11.11
10/24/2018,$10.77,139057,$11.05,$11.166,$10.74
10/23/2018,$11.1,110923,$10.99,$11.15,$10.94
10/22/2018,$11.215,82964,$11.32,$11.32,$11.15
10/19/2018,$11.41,40129,$11.5,$11.5725,$11.4
10/18/2018,$11.395,65087,$11.62,$11.62,$11.36
10/17/2018,$11.77,32435,$11.74,$11.822,$11.68
10/16/2018,$11.93,87796,$11.81,$11.94,$11.77
10/15/2018,$11.455,50685,$11.49,$11.52,$11.37
10/12/2018,$11.64,86684,$11.63,$11.67,$11.49
10/11/2018,$11.52,81258,$11.7,$11.7,$11.45
10/10/2018,$11.69,89596,$11.84,$11.85,$11.64
10/09/2018,$12.26,46747,$12.18,$12.32,$12.163
10/08/2018,$12.15,96050,$12.22,$12.22,$12.06
10/05/2018,$12.695,28060,$12.67,$12.72,$12.53
10/04/2018,$12.735,30622,$12.71,$12.77,$12.66
10/03/2018,$12.87,14325,$12.73,$12.91,$12.73
10/02/2018,$12.9,12561,$12.85,$12.91,$12.78
10/01/2018,$12.935,20066,$12.96,$12.98,$12.91
09/28/2018,$12.965,28181,$13,$13.026,$12.94
09/27/2018,$12.755,60549,$13.16,$13.19,$12.7
09/26/2018,$13.085,66485,$13.09,$13.2025,$13.08
09/25/2018,$13.105,29539,$13.12,$13.14,$13.032
09/24/2018,$13.16,26543,$13.1,$13.19,$13.08
09/21/2018,$13.065,47255,$13.05,$13.09,$13.03
09/20/2018,$13.33,76103,$13.22,$13.33,$13.2
09/19/2018,$13.08,120722,$13.13,$13.13,$13.06
09/18/2018,$12.99,82453,$12.98,$13.06,$12.96
09/17/2018,$12.945,141841,$13.03,$13.03,$12.93
09/14/2018,$12.92,39344,$12.79,$12.98,$12.79
09/13/2018,$12.645,750549,$12.47,$12.67,$12.46
09/12/2018,$12.525,37208,$12.55,$12.65,$12.48
09/11/2018,$12.76,35167,$12.605,$12.76,$12.57
09/10/2018,$12.68,47232,$12.71,$12.79,$12.61
09/07/2018,$12.56,36655,$12.43,$12.68,$12.43
09/06/2018,$12.635,378190,$12.65,$12.76,$12.5824
09/05/2018,$12.5,1648961,$12.75,$12.78,$12.44
09/04/2018,$13.04,40559,$13.01,$13.05,$12.95
08/31/2018,$13.21,20776,$13.24,$13.29,$13.16
08/30/2018,$13.375,17404,$13.386,$13.42,$13.32
08/29/2018,$13.42,22323,$13.29,$13.44,$13.27
08/28/2018,$13.19,25073,$13.19,$13.24,$13.17
08/27/2018,$13.275,20897,$13.32,$13.32,$13.25
08/24/2018,$13.17,25233,$13.19,$13.21,$13.17
08/23/2018,$13.08,25391,$13.215,$13.228,$13.07
08/22/2018,$13.31,25576,$13.29,$13.325,$13.26
08/21/2018,$13.355,20930,$13.34,$13.39,$13.305
08/20/2018,$13.31,15520,$13.33,$13.37,$13.3
08/17/2018,$13.24,29408,$13.115,$13.28,$13.1
08/16/2018,$13.05,24140,$13.06,$13.12,$13.03
08/15/2018,$12.94,33342,$13,$13,$12.85
08/14/2018,$13.38,54430,$13.43,$13.43,$13.3
08/13/2018,$13.41,281452,$13.48,$13.52,$13.34
08/10/2018,$13.53,45270,$13.63,$13.66,$13.5
08/09/2018,$14.22,30924,$14.19,$14.22,$14.17
08/08/2018,$14.3,24173,$14.265,$14.32,$14.222
08/07/2018,$14.26,17700,$14.36,$14.388,$14.25
08/06/2018,$14.255,31791,$14.29,$14.29,$14.22
08/03/2018,$14.54,52976,$14.55,$14.55,$14.43
08/02/2018,$14.075,235992,$13.89,$14.14,$13.88
08/01/2018,$13.21,17332,$13.21,$13.22,$13.14
07/31/2018,$13.22,33792,$13.31,$13.32,$13.19
07/30/2018,$13.2,39114,$13.265,$13.27,$13.19
07/27/2018,$13.225,22618,$13.3,$13.325,$13.2
07/26/2018,$13.32,18531,$13.33,$13.37,$13.26
07/25/2018,$13.345,28306,$13.24,$13.35,$13.15
07/24/2018,$13.22,21293,$13.21,$13.26,$13.17
07/23/2018,$13.13,18775,$13.21,$13.21,$13.12
07/20/2018,$13.21,44472,$13.025,$13.24,$13.025
07/19/2018,$13.19,21300,$13.19,$13.23,$13.155
07/18/2018,$13.135,34641,$13.132,$13.16,$13.04
07/17/2018,$13.16,78219,$13.1001,$13.21,$13.1001
07/16/2018,$13.265,12607,$13.3398,$13.3398,$13.2
07/13/2018,$13.33,11508,$13.37,$13.37,$13.32
07/12/2018,$13.33,33615,$13.28,$13.38,$13.26
07/11/2018,$13.2,40908,$13.26,$13.31,$13.15
07/10/2018,$13.435,62411,$13.49,$13.49,$13.4
07/09/2018,$13.345,72253,$13.38,$13.38,$13.29
07/06/2018,$13.35,49064,$13.26,$13.36,$13.21
07/05/2018,$13.315,47812,$13.26,$13.33,$13.22
07/03/2018,$13.14,26771,$13.13,$13.2,$13.07
07/02/2018,$13.02,77208,$13.01,$13.11,$12.98
06/29/2018,$13.27,123842,$13.19,$13.36,$13.18
06/28/2018,$12.78,44428,$12.806,$12.84,$12.74
06/27/2018,$12.81,74644,$12.72,$12.85,$12.72
06/26/2018,$12.555,37095,$12.48,$12.62,$12.47
06/25/2018,$12.4,126225,$12.45,$12.48,$12.29
06/22/2018,$12.68,42830,$12.601,$12.72,$12.39
06/21/2018,$12.46,216221,$12.5,$12.56,$12.43
06/20/2018,$12.55,2020469,$12.37,$12.57,$12.366
06/19/2018,$12.32,119863,$12.32,$12.34,$12.23
06/18/2018,$12.485,72275,$12.455,$12.58,$12.34
06/15/2018,$12.87,102048,$13.065,$13.065,$12.8
06/14/2018,$11.94,89481,$11.77,$11.99,$11.75
06/13/2018,$11.26,87156,$11.49,$11.49,$11.2
06/12/2018,$11.49,60402,$11.42,$11.49,$11.35
06/11/2018,$11.315,50745,$11.23,$11.37,$11.23
06/08/2018,$11.37,33153,$11.4,$11.4,$11.315
06/07/2018,$11.355,40550,$11.42,$11.42,$11.3
06/06/2018,$11.32,27704,$11.32,$11.34,$11.28
06/05/2018,$11.32,81683,$11.35,$11.37,$11.2
06/04/2018,$11.315,53742,$11.38,$11.38,$11.29
06/01/2018,$11.32,30282,$11.35,$11.38,$11.22
05/31/2018,$11.15,61732,$11.19,$11.22,$11.01
05/30/2018,$11.1,76768,$11.08,$11.15,$11.04
05/29/2018,$11.1,52405,$11.17,$11.2,$11.07
05/25/2018,$11.41,65862,$11.42,$11.43,$11.3
05/24/2018,$11.56,32637,$11.624,$11.63,$11.53
05/23/2018,$11.575,50735,$11.58,$11.598,$11.53
05/22/2018,$11.75,54125,$11.8,$11.86,$11.6
05/21/2018,$11.77,24677,$11.7,$11.79,$11.7
05/18/2018,$11.72,28217,$11.665,$11.78,$11.665
05/17/2018,$11.515,45284,$11.41,$11.55,$11.41
05/16/2018,$11.55,22815,$11.51,$11.58,$11.51
05/15/2018,$11.51,45114,$11.51,$11.58,$11.38
05/14/2018,$11.36,57443,$11.44,$11.465,$11.36
05/11/2018,$11.46,31547,$11.25,$11.56,$11.25
05/10/2018,$11.31,50702,$11.41,$11.42,$11.3
05/09/2018,$11.415,43162,$11.47,$11.5352,$11.41
05/08/2018,$11.66,126386,$11.61,$11.66,$11.58
05/07/2018,$11.59,30625,$11.35,$11.67,$11.35
05/04/2018,$11.57,25494,$11.52,$11.57,$11.49
05/03/2018,$11.56,37710,$11.485,$11.56,$11.44
05/02/2018,$11.535,24919,$11.6,$11.64,$11.51
05/01/2018,$11.64,45825,$11.75,$11.79,$11.637
04/30/2018,$11.78,30914,$11.6,$11.81,$11.6
04/27/2018,$11.85,110622,$11.81,$11.88,$11.72
04/26/2018,$11.98,39554,$12.03,$12.03,$11.77
04/25/2018,$12,46414,$11.93,$12.01,$11.92
04/24/2018,$12.105,394234,$12.22,$12.22,$12.07
04/23/2018,$12.185,409488,$12.15,$12.2,$12.105
04/20/2018,$12.31,22190,$12.31,$12.4,$12.31
04/19/2018,$12.585,21632,$12.65,$12.67,$12.56
04/18/2018,$12.6,33396,$12.5,$12.62,$12.5
04/17/2018,$12.53,38547,$12.485,$12.56,$12.33
04/16/2018,$12.85,98490,$12.73,$12.85,$12.72
04/13/2018,$12.575,53833,$12.58,$12.61,$12.546
04/12/2018,$12.78,25776,$12.75,$12.8,$12.73
04/11/2018,$12.78,45428,$12.75,$12.85,$12.72
04/10/2018,$12.755,33727,$12.69,$12.8,$12.6
04/09/2018,$12.6,34370,$12.5,$12.68,$12.5
04/06/2018,$12.38,45013,$12.41,$12.46,$12.35
04/05/2018,$12.29,40627,$12.1,$12.33,$12.1
04/04/2018,$12.07,70757,$11.98,$12.07,$11.87
04/03/2018,$12.215,318043,$12.266,$12.28,$12.12
04/02/2018,$12.25,304313,$12.435,$12.52,$12.19
03/29/2018,$12.35,42346,$12.36,$12.385,$12.27
03/28/2018,$12.36,54934,$12.43,$12.43,$12.33
03/27/2018,$12.34,42955,$12.55,$12.55,$12.31
03/26/2018,$12.51,22460,$12.49,$12.54,$12.38
03/23/2018,$12.175,54059,$12.45,$12.48,$12.16
03/22/2018,$12.41,35202,$12.61,$12.61,$12.41
03/21/2018,$12.645,39145,$12.645,$12.7,$12.6
03/20/2018,$12.77,72438,$12.75,$12.8,$12.7
03/19/2018,$12.685,257071,$12.79,$12.84,$12.63
03/16/2018,$12.79,32947,$12.835,$12.9,$12.74
03/15/2018,$12.93,118986,$12.835,$12.97,$12.82
03/14/2018,$12.84,18134,$12.87,$12.87,$12.76
03/13/2018,$12.81,46851,$12.95,$12.96,$12.75
03/12/2018,$12.86,174660,$12.92,$12.96,$12.8
03/09/2018,$13.1,100158,$12.985,$13.11,$12.975
03/08/2018,$13.07,510995,$13.1,$13.13,$12.93
03/07/2018,$13.065,164589,$13.22,$13.29,$12.96
03/06/2018,$11.78,40926,$11.89,$11.89,$11.58
03/05/2018,$11.65,126702,$11.465,$11.65,$11.43
03/02/2018,$11.625,831499,$11.43,$11.67,$11.385
03/01/2018,$11.455,83726,$11.58,$11.6,$11.37
02/28/2018,$11.69,15348,$11.92,$11.92,$11.68
02/27/2018,$11.99,26048,$12.02,$12.04,$11.94
02/26/2018,$12.065,50695,$12.01,$12.1,$11.82
02/23/2018,$11.875,32603,$11.82,$11.9,$11.81
02/22/2018,$11.84,25987,$11.78,$11.87,$11.76
02/21/2018,$11.82,34261,$11.9,$11.9875,$11.82
02/20/2018,$11.89,63395,$11.92,$11.96,$11.83
02/16/2018,$11.84,19167,$11.86,$11.93,$11.8
02/15/2018,$12.07,28623,$11.934,$12.08,$11.91
02/14/2018,$11.71,22367,$11.53,$11.72,$11.52
02/13/2018,$11.685,33379,$11.68,$11.72,$11.66
02/12/2018,$11.6225,30342,$11.63,$11.65,$11.58
02/09/2018,$11.43,121403,$11.48,$11.49,$11.27
02/08/2018,$11.52,27494,$11.77,$11.77,$11.52
02/07/2018,$11.64,68229,$11.67,$11.75,$11.61
02/06/2018,$11.78,175698,$11.58,$11.81,$11.54
02/05/2018,$11.72,233328,$11.97,$12,$11.7
02/02/2018,$12.3,81044,$12.45,$12.46,$12.3
02/01/2018,$12.58,49193,$12.515,$12.61,$12.5
