"","Date","Close.Last","Volume","Open","High","Low"
"1",2018-01-25,22.5,100878070,23.21,23.28,22.42
"2",2018-01-26,22.85,68031821,22.76,22.93,22.38
"3",2018-01-29,23.3,71073084,22.65,23.39,22.55
"4",2018-01-30,23.05,70660225,23,23.21,22.81
"5",2018-01-31,23.62,92990549,23.16,23.74,23.01
"6",2018-02-01,23.28,62811569,23.4,23.97,23.24
"7",2018-02-02,22.91,55442327,23.22,23.46,22.7
"8",2018-02-05,22.2,66617457,22.53,22.96,22.2
"9",2018-02-06,22.26,76200442,21.68,22.41,21.56
"10",2018-02-07,23,100945180,22.59,23.06,22.37
"11",2018-02-08,21.01,154446223,22.88,23.24,20.97
"12",2018-02-09,20.69,193866353,21.32,21.39,19.65
"13",2018-02-12,21.04,93367138,21.07,21.2,20.41
"14",2018-02-13,21.57,68319431,21,21.61,20.83
"15",2018-02-14,21.48,59221125,21.38,21.74,21.23
"16",2018-02-15,22.27,88647301,21.63,22.27,21.49
"17",2018-02-16,22.36,84602718,22.16,22.87,22.1
"18",2018-02-20,22.31,60089400,22.29,22.72,22.1
"19",2018-02-21,22.22,48108726,22.4,22.64,22.21
"20",2018-02-22,23.07,104428148,22.36,23.16,22.31
"21",2018-02-23,23.47,87212611,23.18,23.66,23.14
"22",2018-02-26,23.82,65017467,23.56,23.93,23.49
"23",2018-02-27,23.39,71775294,23.75,23.99,23.33
"24",2018-02-28,22.87,90990615,23.5,23.68,22.81
"25",2018-03-01,22.06,103088228,23,23.24,22
"26",2018-03-02,22.34,76331797,21.79,22.34,21.53
"27",2018-03-05,22.22,57310501,22.15,22.51,21.95
"28",2018-03-06,21.88,63547213,22.25,22.42,21.8
"29",2018-03-07,22.15,75029062,21.69,22.16,21.44
"30",2018-03-08,21.94,52715479,22.19,22.22,21.75
"31",2018-03-09,21.81,82541644,21.6,21.89,21.49
"32",2018-03-12,23.03,123793723,21.9,23.14,21.76
"33",2018-03-13,22.78,89409495,22.99,23,22.41
"34",2018-03-14,21.77,119282220,22.45,22.65,21.59
"35",2018-03-15,21.7,98318471,21.95,22.19,21.4
"36",2018-03-16,21.42,91700429,21.73,21.82,21.27
"37",2018-03-19,20.9,112018294,21.1,21.38,20.64
"38",2018-03-20,20.7,71415429,20.99,21.08,20.58
"39",2018-03-21,21.1,89313660,20.68,21.49,20.67
"40",2018-03-22,20.6,73873883,20.92,21.25,20.54
"41",2018-03-23,20.1,99599350,20.75,20.77,20.03
"42",2018-03-26,20.27,125473992,20.48,20.5,19.42
"43",2018-03-27,18.61,206805797,20.26,20.28,18.47
"44",2018-03-28,17.18,314434043,17.63,17.91,16.8
"45",2018-03-29,17.74,225216487,17.09,18.06,16.54
"46",2018-04-02,16.83,241399229,17.08,17.35,16.3
"47",2018-04-03,17.83,282444609,17.98,18.22,16.96
"48",2018-04-04,19.12,298202551,16.85,19.22,16.8
"49",2018-04-05,20.38,285387757,19.28,20.41,19.21
"50",2018-04-06,19.95,202747849,20.06,20.61,19.7
"51",2018-04-09,19.31,153621073,20.02,20.63,19.28
"52",2018-04-10,20.31,165255067,19.93,20.47,19.57
"53",2018-04-11,20.06,112053004,20.04,20.59,19.97
"54",2018-04-12,19.6,113932818,20.15,20.26,19.57
"55",2018-04-13,20.02,109788320,20.24,20.26,19.73
"56",2018-04-16,19.41,94342408,19.93,19.97,19.26
"57",2018-04-17,19.17,103967228,19.25,19.47,18.83
"58",2018-04-18,19.55,97973396,19.4,20.01,19.21
"59",2018-04-19,20,91256954,19.4,20.06,19.23
"60",2018-04-20,19.34,84339408,19.67,19.99,19.31
"61",2018-04-23,18.89,73211108,19.41,19.44,18.82
"62",2018-04-24,18.89,85173587,19,19.13,18.56
"63",2018-04-25,18.71,60006285,18.9,19.01,18.48
"64",2018-04-26,19.03,65221587,18.58,19.05,18.43
"65",2018-04-27,19.6,65202777,19.02,19.63,18.92
"66",2018-04-30,19.59,63360988,19.57,19.91,19.5
"67",2018-05-01,19.99,69224155,19.56,20.05,19.54
"68",2018-05-02,20.07,125192577,19.9,20.45,19.85
"69",2018-05-03,18.96,260086220,18.58,19.2,18.34
"70",2018-05-04,19.6,128482526,18.86,19.79,18.63
"71",2018-05-07,20.18,130096285,19.83,20.39,19.67
"72",2018-05-08,20.13,88911661,20.05,20.51,19.93
"73",2018-05-09,20.45,85683782,20.02,20.46,20
"74",2018-05-10,20.33,84641523,20.5,20.86,20.27
"75",2018-05-11,20.07,69979780,20.51,20.59,19.93
"76",2018-05-14,19.46,108982461,20.22,20.32,19.44
"77",2018-05-15,18.94,142646224,19,19.13,18.7
"78",2018-05-16,19.09,85044617,18.92,19.25,18.77
"79",2018-05-17,18.96,66273837,19.06,19.27,18.93
"80",2018-05-18,18.45,108655431,18.97,18.97,18.26
"81",2018-05-21,18.96,137517591,18.75,19.43,18.75
"82",2018-05-22,18.33,134077448,19.18,19.2,18.22
"83",2018-05-23,18.6,89583510,18.51,18.66,18.26
"84",2018-05-24,18.52,62561804,18.56,18.74,18.32
"85",2018-05-25,18.59,58089286,18.5,18.64,18.37
"86",2018-05-29,18.91,84857253,18.56,19.1,18.41
"87",2018-05-30,19.44,112103794,18.88,19.66,18.77
"88",2018-05-31,18.98,88692331,19.14,19.35,18.86
"89",2018-06-01,19.45,81269719,19.05,19.46,18.92
"90",2018-06-04,19.78,71906769,19.62,19.93,19.56
"91",2018-06-05,19.4,88168051,19.84,19.85,19.11
"92",2018-06-06,21.3,281135859,20.03,21.47,19.83
"93",2018-06-07,21.07,215041542,21.07,22,20.9
"94",2018-06-08,21.17,122882564,21.26,21.63,21.14
"95",2018-06-11,22.14,197490651,21.5,22.31,21.5
"96",2018-06-12,22.85,333846283,22.98,23.66,22.53
"97",2018-06-13,22.98,141021934,23.11,23.14,22.65
"98",2018-06-14,23.84,164417168,23.17,23.91,23.1
"99",2018-06-15,23.87,162413319,23.58,24.31,23.41
"100",2018-06-18,24.72,180381660,23.69,24.91,23.63
"101",2018-06-19,23.5,191022504,24.34,24.66,23.08
"102",2018-06-20,24.14,125553957,23.86,24.29,23.46
"103",2018-06-21,23.16,119247630,24.13,24.41,23.08
"104",2018-06-22,22.24,153806473,23.43,23.48,22.13
"105",2018-06-25,22.2,103876283,22,22.56,21.83
"106",2018-06-26,22.8,111521179,22.4,22.9,21.71
"107",2018-06-27,22.96,124707193,23,23.38,22.63
"108",2018-06-28,23.32,125822517,23.24,23.8,23.07
"109",2018-06-29,22.86,97138496,23.55,23.59,22.82
"110",2018-07-02,22.33,280990510,24,24.31,21.99
"111",2018-07-03,20.72,184239508,22.11,22.16,20.64
"112",2018-07-05,20.61,261863419,20.91,20.95,19.74
"113",2018-07-06,20.59,132902904,20.33,20.8,20.13
"114",2018-07-09,21.23,113693058,20.79,21.23,20.53
"115",2018-07-10,21.49,141563284,21.63,21.84,21.28
"116",2018-07-11,21.26,73178888,21.05,21.46,21
"117",2018-07-12,21.11,85677722,21.42,21.54,20.85
"118",2018-07-13,21.25,88001596,21.03,21.3,20.61
"119",2018-07-16,20.67,117006751,20.78,21.01,20.41
"120",2018-07-17,21.51,104816678,20.58,21.64,20.56
"121",2018-07-18,21.59,84151233,21.66,21.7,21.08
"122",2018-07-19,21.34,88606696,21.08,21.56,20.93
"123",2018-07-20,20.9,77397426,21.41,21.54,20.78
"124",2018-07-23,20.21,164622218,20.12,20.36,19.52
"125",2018-07-24,19.82,143792718,20.29,20.51,19.5
"126",2018-07-25,20.58,105470677,19.78,20.64,19.63
"127",2018-07-26,20.44,69293470,20.32,20.71,20.24
"128",2018-07-27,19.81,85420307,20.48,20.51,19.68
"129",2018-07-30,19.34,101993664,19.72,19.74,19.07
"130",2018-07-31,19.87,75826372,19.48,19.88,19.27
"131",2018-08-01,20.05,131521419,19.86,20.2,19.53
"132",2018-08-02,23.3,347387226,21.89,23.33,21.54
"133",2018-08-03,23.21,204699498,23.18,23.66,22.83
"134",2018-08-06,22.79,128051426,23.03,23.66,22.78
"135",2018-08-07,25.3,458945771,22.92,25.83,22.61
"136",2018-08-08,24.68,368031116,24.6,25.5,24.47
"137",2018-08-09,23.49,254276873,24.37,24.46,23.04
"138",2018-08-10,23.69,172957564,23.6,24,23.06
"139",2018-08-13,23.76,156673722,24.07,24.21,23.26
"140",2018-08-14,23.17,104227613,23.89,23.94,23.14
"141",2018-08-15,22.57,136095427,22.79,22.96,22.14
"142",2018-08-16,22.36,90680835,22.66,22.81,22.25
"143",2018-08-17,20.36,283438058,21.56,21.78,20.23
"144",2018-08-20,20.56,260706320,19.44,20.56,19.21
"145",2018-08-21,21.46,197216451,20.7,21.65,20.6
"146",2018-08-22,21.44,89037750,21.39,21.59,20.97
"147",2018-08-23,21.34,77080236,21.27,21.82,21.2
"148",2018-08-24,21.52,53890983,21.38,21.59,21.29
"149",2018-08-27,21.28,195939652,21.2,21.49,20.58
"150",2018-08-28,20.79,114591738,21.22,21.25,20.74
"151",2018-08-29,20.33,111158014,20.68,20.79,20.24
"152",2018-08-30,20.21,108159321,20.15,20.3,19.84
"153",2018-08-31,20.11,80505680,20.13,20.35,19.9
"154",2018-09-04,19.26,124568503,19.79,19.87,19.2
"155",2018-09-05,18.71,115610072,19,19.11,18.47
"156",2018-09-06,18.73,112091284,18.98,19.41,18.59
"157",2018-09-07,17.54,336634482,17.34,17.89,16.81
"158",2018-09-10,19.03,213483643,18.21,19.06,18.06
"159",2018-09-11,18.62,137415846,18.63,18.8,18.23
"160",2018-09-12,19.36,150032175,18.76,19.5,18.57
"161",2018-09-13,19.29,94999168,19.2,19.66,19.01
"162",2018-09-14,19.68,101364729,19.25,19.82,19.1
"163",2018-09-17,19.65,102993069,19.33,20.05,19.2
"164",2018-09-18,18.99,247414076,19.77,20.17,18.36
"165",2018-09-19,19.93,123965233,18.7,20,18.7
"166",2018-09-20,19.88,109987100,20.23,20.39,19.55
"167",2018-09-21,19.94,75577417,19.84,20.03,19.69
"168",2018-09-24,19.97,72515724,19.89,20.2,19.57
"169",2018-09-25,20.06,67084271,20,20.3,19.76
"170",2018-09-26,20.63,117537886,20.12,20.92,20.07
"171",2018-09-27,20.5,110066345,20.86,20.99,20.46
"172",2018-09-28,17.65,503959098,18.01,18.53,17.37
"173",2018-10-01,20.71,325712987,20.38,20.76,20.07
"174",2018-10-02,20.06,175495262,20.93,21.12,19.94
"175",2018-10-03,19.65,119734020,20.22,20.3,19.43
"176",2018-10-04,18.78,144583203,19.59,19.6,18.51
"177",2018-10-05,17.46,268510516,18.31,18.32,17.33
"178",2018-10-08,16.7,200567600,17.63,17.85,16.6
"179",2018-10-09,17.52,180566610,17.01,17.78,16.88
"180",2018-10-10,17.12,191723304,17.64,17.7,16.51
"181",2018-10-11,16.81,121922699,17.16,17.48,16.6
"182",2018-10-12,17.25,107838801,17.4,17.46,16.8
"183",2018-10-15,17.3,92835344,17.27,17.55,16.96
"184",2018-10-16,18.43,142516729,17.71,18.49,17.48
"185",2018-10-17,18.11,129554170,18.82,18.84,17.72
"186",2018-10-18,17.59,81028024,17.95,18.06,17.53
"187",2018-10-19,17.33,140171390,17.82,17.97,16.9
"188",2018-10-22,17.39,83922783,17.37,17.45,16.83
"189",2018-10-23,19.6,284343008,17.59,19.86,17.47
"190",2018-10-24,19.23,290256605,20.07,20.29,19.04
"191",2018-10-25,20.99,311574894,21.14,21.4,20.06
"192",2018-10-26,22.06,410703095,20.55,22.66,20.44
"193",2018-10-29,22.32,216827142,22.49,23.14,21.76
"194",2018-10-30,21.99,136636732,21.89,22.52,21.48
"195",2018-10-31,22.48,114012543,22.16,22.8,21.94
"196",2018-11-01,22.95,119714130,22.55,23.18,22.31
"197",2018-11-02,23.09,116998742,22.91,23.28,22.72
"198",2018-11-05,22.76,117312616,22.7,22.93,22
"199",2018-11-06,22.73,101278899,22.6,23.25,22.4
"200",2018-11-07,23.21,110500535,22.88,23.41,22.72
"201",2018-11-08,23.42,106202992,23.23,23.83,23.22
"202",2018-11-09,23.36,76401802,23.26,23.6,23.01
"203",2018-11-12,22.08,103754423,23.22,23.31,22.02
"204",2018-11-13,22.58,81341299,22.21,22.98,22.14
"205",2018-11-14,22.93,75481207,22.84,23.14,22.47
"206",2018-11-15,23.22,69001915,22.82,23.23,22.6
"207",2018-11-16,23.62,107916816,23.01,23.71,23
"208",2018-11-19,23.56,145478312,23.75,24.45,23.52
"209",2018-11-20,23.16,119868735,22.78,23.32,22.23
"210",2018-11-21,22.54,70160800,23.46,23.54,22.49
"211",2018-11-23,21.72,63039598,22.28,22.5,21.7
"212",2018-11-26,23.06,119596725,21.66,23.08,21.66
"213",2018-11-27,22.92,95205012,22.67,23.13,22.36
"214",2018-11-28,23.19,61710539,23.06,23.21,22.81
"215",2018-11-29,22.74,46140367,23.13,23.16,22.63
"216",2018-11-30,23.36,84316518,22.78,23.44,22.55
"217",2018-12-03,23.89,124437583,24,24.4,23.46
"218",2018-12-04,23.98,126453132,23.73,24.57,23.46
"219",2018-12-06,24.2,117430276,23.73,24.49,23.38
"220",2018-12-07,23.86,172265164,24.6,25.29,23.84
"221",2018-12-10,24.34,98630066,24,24.39,23.54
"222",2018-12-11,24.45,94477033,24.66,24.81,24.01
"223",2018-12-12,24.44,75295837,24.62,24.79,24.34
"224",2018-12-13,25.11,110222465,24.67,25.16,24.45
"225",2018-12-14,24.38,94914328,25,25.19,24.28
"226",2018-12-17,23.22,114972423,24.13,24.38,22.92
"227",2018-12-18,22.46,106273252,23.36,23.43,22.24
"228",2018-12-19,22.19,123845548,22.5,23.13,21.98
"229",2018-12-20,21.02,135740767,21.8,22.01,20.79
"230",2018-12-21,21.31,119958225,21.16,21.56,20.82
"231",2018-12-24,19.69,83398653,20.9,20.96,19.67
"232",2018-12-26,21.73,122146469,20,21.79,19.6
"233",2018-12-27,21.07,128510711,21.32,21.47,20.1
"234",2018-12-28,22.25,148781581,21.54,22.41,21.22
"235",2018-12-31,22.18,94414423,22.51,22.61,21.68
"236",2019-01-02,20.67,174168963,20.4,21,19.92
"237",2019-01-03,20.02,104228603,20.46,20.62,19.82
"238",2019-01-04,21.17,110741270,20.4,21.2,20.18
"239",2019-01-07,22.33,113135013,21.44,22.44,21.18
"240",2019-01-08,22.35,104916353,22.79,22.93,21.8
"241",2019-01-09,22.56,81399229,22.36,22.9,22.09
"242",2019-01-10,22.99,90744270,22.29,23.02,22.11
"243",2019-01-11,23.15,75526132,22.8,23.22,22.58
"244",2019-01-14,22.29,78490311,22.82,22.83,22.26
"245",2019-01-15,22.96,90718305,22.33,23.25,22.3
"246",2019-01-16,23.07,70158370,22.98,23.46,22.9
"247",2019-01-17,23.15,54917403,23.08,23.43,22.94
"248",2019-01-18,20.15,361188719,21.53,21.8,19.98
"249",2019-01-22,19.92,180781860,20.32,20.53,19.7
"250",2019-01-23,19.17,187696106,19.5,19.63,18.77
"251",2019-01-24,19.43,119863605,18.86,19.57,18.61
"252",2019-01-25,19.8,106541662,19.62,19.9,19.3
"253",2019-01-28,19.75,96142107,19.52,19.83,19.18
"254",2019-01-29,19.83,69043960,19.68,19.9,19.45
"255",2019-01-30,20.58,158910521,20.03,20.6,19.89
"256",2019-01-31,20.46,188177756,20.06,20.77,19.6
"257",2019-02-01,20.81,108954216,20.36,21.07,20.23
"258",2019-02-04,20.85,110161085,20.86,21.02,20.12
"259",2019-02-05,21.42,101021034,20.83,21.49,20.81
"260",2019-02-06,21.14,75470482,21.3,21.61,21.04
"261",2019-02-07,20.5,97677401,20.88,20.98,20.2
"262",2019-02-08,20.38,87526126,20.45,20.49,19.9
"263",2019-02-11,20.85,106710127,20.77,21.24,20.7
"264",2019-02-12,20.78,82281244,21.08,21.21,20.64
"265",2019-02-13,20.54,76955932,20.82,20.85,20.37
"266",2019-02-14,20.25,77863266,20.22,20.45,20.06
"267",2019-02-15,20.52,58437196,20.3,20.53,20.26
"268",2019-02-19,20.37,61807769,20.43,20.76,20.36
"269",2019-02-20,20.17,106994482,20.29,20.42,19.93
"270",2019-02-21,19.41,133212383,20.12,20.21,19.36
"271",2019-02-22,19.64,85970657,19.63,19.76,19.47
"272",2019-02-25,19.91,93205468,19.86,20.19,19.8
"273",2019-02-26,19.85,128574071,19.48,20.13,19.25
"274",2019-02-27,20.98,167161416,20.11,21.08,20.03
"275",2019-02-28,21.32,144993288,21.26,21.33,20.72
"276",2019-03-01,19.65,342731079,20.46,20.47,19.46
"277",2019-03-04,19.02,256033222,19.87,19.93,18.85
"278",2019-03-05,18.43,280946860,18.8,18.93,18
"279",2019-03-06,18.41,154790473,18.43,18.76,18.29
"280",2019-03-07,18.43,141160384,18.58,18.98,18.28
"281",2019-03-08,18.94,132086514,18.46,19.03,18.39
"282",2019-03-11,19.39,110584415,18.9,19.41,18.7
"283",2019-03-12,18.89,112320499,19.09,19.2,18.73
"284",2019-03-13,19.26,102267759,18.92,19.46,18.84
"285",2019-03-14,19.33,105722017,19.49,19.69,19.21
"286",2019-03-15,18.36,221360289,18.9,18.91,18.29
"287",2019-03-18,17.96,153974323,18.4,18.53,17.82
"288",2019-03-19,17.83,176614862,17.83,18.22,17.56
"289",2019-03-20,18.24,103229588,17.97,18.33,17.75
"290",2019-03-21,18.26,88963831,18.17,18.43,17.89
"291",2019-03-22,17.63,130829185,18.17,18.18,17.6
"292",2019-03-25,17.36,153076123,17.31,17.54,16.96
"293",2019-03-26,17.85,110127965,17.62,18.01,17.62
"294",2019-03-27,18.32,131285694,17.91,18.35,17.87
"295",2019-03-28,18.57,101473764,18.47,18.68,18.34
"296",2019-03-29,18.65,89705280,18.58,18.67,18.3
"297",2019-04-01,19.27,121396949,18.84,19.28,18.75
"298",2019-04-02,19.05,81407719,19.22,19.29,18.92
"299",2019-04-03,19.45,118749691,19.15,19.74,19.14
"300",2019-04-04,17.85,355202372,17.45,18.08,17.37
"301",2019-04-05,18.33,195341002,17.99,18.4,17.74
"302",2019-04-08,18.21,155468922,18.51,18.74,18.02
"303",2019-04-09,18.15,88398661,18.11,18.33,17.97
"304",2019-04-10,18.4,105675457,18.44,18.55,18.19
"305",2019-04-11,17.89,146719337,17.88,18.03,17.7
"306",2019-04-12,17.84,101030739,18.01,18.13,17.78
"307",2019-04-15,17.75,150487275,17.9,17.92,17.24
"308",2019-04-16,18.22,108997506,17.71,18.33,17.64
"309",2019-04-17,18.08,76770127,18.31,18.31,17.9
"310",2019-04-18,18.21,87922126,18.08,18.32,17.98
"311",2019-04-22,17.51,181525259,17.93,17.97,17.49
"312",2019-04-23,17.59,163640168,17.34,17.7,17.05
"313",2019-04-24,17.24,144855843,17.59,17.68,17.2
"314",2019-04-25,16.5,327350536,17,17.26,16.4
"315",2019-04-26,15.67,332267234,16.43,16.44,15.4
"316",2019-04-29,16.09,250299175,15.72,16.26,15.47
"317",2019-04-30,15.91,141704404,16.13,16.28,15.8
"318",2019-05-01,15.6,160565170,15.92,16,15.43
"319",2019-05-02,16.27,272389964,16.36,16.47,15.84
"320",2019-05-03,17,355601372,16.25,17.1,16.23
"321",2019-05-06,17.02,162509019,16.66,17.22,16.56
"322",2019-05-07,16.47,151971074,17.12,17.14,16.34
"323",2019-05-08,16.32,92646554,16.46,16.7,16.28
"324",2019-05-09,16.13,100670680,16.13,16.24,15.79
"325",2019-05-10,15.96,105124987,15.98,16.13,15.73
"326",2019-05-13,15.13,162521919,15.46,15.49,14.96
"327",2019-05-14,15.48,108786126,15.28,15.63,15.2
"328",2019-05-15,15.46,109439585,15.28,15.49,15.01
"329",2019-05-16,15.22,112249039,15.29,15.4,15.1
"330",2019-05-17,14.06,266799917,14.79,14.81,13.92
"331",2019-05-20,13.69,307892846,13.52,13.73,13.01
"332",2019-05-21,13.67,270058365,13.18,13.82,13.06
"333",2019-05-22,12.84,280277710,13.27,13.59,12.78
"334",2019-05-23,13.03,398206901,12.95,13.29,12.41
"335",2019-05-24,12.7,212048444,13.32,13.33,12.58
"336",2019-05-28,12.58,154693423,12.74,13,12.52
"337",2019-05-29,12.65,179529510,12.47,12.82,12.33
"338",2019-05-30,12.54,118897066,12.58,12.81,12.46
"339",2019-05-31,12.34,156100872,12.34,12.66,12.27
"340",2019-06-03,11.93,195966052,12.36,12.44,11.79
"341",2019-06-04,12.9,207112696,12.07,12.93,11.97
"342",2019-06-05,13.1,202661299,13.24,13.41,12.78
"343",2019-06-06,13.73,303632098,13.62,14.06,13.45
"344",2019-06-07,13.63,240052830,13.66,14.05,13.56
"345",2019-06-10,14.19,158775521,14.01,14.46,13.93
"346",2019-06-11,14.47,174803013,14.6,14.72,14.23
"347",2019-06-12,13.95,227962986,14.86,14.89,13.93
"348",2019-06-13,14.26,122523839,14.02,14.32,13.83
"349",2019-06-14,14.32,111500974,14.08,14.44,14.02
"350",2019-06-17,15,184751908,14.36,15.13,14.28
"351",2019-06-18,14.98,190736755,15.24,15.64,14.83
"352",2019-06-19,15.09,98626976,15,15.18,14.73
"353",2019-06-20,14.64,177951811,14.86,15.12,14.42
"354",2019-06-21,14.79,123031108,14.41,14.81,14.36
"355",2019-06-24,14.9,86261522,14.88,15.05,14.73
"356",2019-06-25,14.65,92731019,14.95,15.02,14.63
"357",2019-06-26,14.61,127608056,14.68,15.14,14.54
"358",2019-06-27,14.85,95095602,14.63,14.86,14.49
"359",2019-06-28,14.89,102770709,14.73,15.01,14.72
"360",2019-07-01,15.14,123569398,15.34,15.54,15.08
"361",2019-07-02,14.97,138885336,15.25,15.27,14.81
"362",2019-07-03,15.66,213017143,15.95,16.1,15.63
"363",2019-07-05,15.54,105986017,15.63,15.69,15.38
"364",2019-07-08,15.35,88208086,15.41,15.48,15.24
"365",2019-07-09,15.33,92862479,15.26,15.4,15.15
"366",2019-07-10,15.92,137185971,15.61,15.92,15.54
"367",2019-07-11,15.9,112716394,15.87,16.1,15.72
"368",2019-07-12,16.33,138007746,15.98,16.35,15.98
"369",2019-07-15,16.9,165001267,16.53,16.96,16.32
"370",2019-07-16,16.82,122234774,16.62,16.9,16.52
"371",2019-07-17,16.99,146470832,17.04,17.22,16.89
"372",2019-07-18,16.9,71467209,17,17.05,16.79
"373",2019-07-19,17.21,105726097,17.04,17.33,16.97
"374",2019-07-22,17.04,102694044,17.25,17.47,16.94
"375",2019-07-23,17.34,75346777,17.11,17.36,16.96
"376",2019-07-24,17.65,166092517,17.27,17.73,17.21
"377",2019-07-25,15.25,336273582,15.56,15.63,15.03
"378",2019-07-26,15.2,150415425,15.12,15.35,14.81
"379",2019-07-29,15.71,139099895,15.13,15.72,15.06
"380",2019-07-30,16.15,121635149,15.52,16.22,15.47
"381",2019-07-31,16.1,137673051,16.2,16.44,15.77
"382",2019-08-01,15.59,123892678,16.17,16.3,15.45
"383",2019-08-02,15.62,92047169,15.42,15.75,15.28
"384",2019-08-05,15.22,105424132,15.3,15.42,15.05
"385",2019-08-06,15.38,83462958,15.45,15.5,15.05
"386",2019-08-07,15.56,71647464,15.1,15.57,15.05
"387",2019-08-08,15.88,79115195,15.63,15.98,15.51
"388",2019-08-09,15.66,58473631,15.73,15.93,15.58
"389",2019-08-12,15.26,69959020,15.53,15.71,15.25
"390",2019-08-13,15.66,73034933,15.25,15.73,15.17
"391",2019-08-14,14.64,143438793,15.41,15.43,14.44
"392",2019-08-15,14.37,123479218,14.72,14.77,14.1
"393",2019-08-16,14.66,78110601,14.44,14.81,14.4
"394",2019-08-19,15.12,79676180,14.94,15.18,14.78
"395",2019-08-20,15.05,62557874,15.17,15.27,14.96
"396",2019-08-21,14.72,116996102,14.8,14.88,14.5
"397",2019-08-22,14.81,98474411,14.85,15.02,14.54
"398",2019-08-23,14.09,128395496,14.66,14.74,14.06
"399",2019-08-26,14.33,75816172,14.24,14.33,14.1
"400",2019-08-27,14.27,81310864,14.38,14.58,14.13
"401",2019-08-28,14.37,48579351,14.24,14.48,14.15
"402",2019-08-29,14.78,77746521,14.6,14.89,14.53
"403",2019-08-30,15.04,139916555,15.27,15.49,14.94
"404",2019-09-03,15,80408150,14.93,15.26,14.87
"405",2019-09-04,14.71,86530397,15.12,15.23,14.61
"406",2019-09-05,15.3,111049774,14.83,15.32,14.72
"407",2019-09-06,15.16,62840549,15.14,15.3,15.01
"408",2019-09-09,15.45,72039999,15.33,15.58,15.28
"409",2019-09-10,15.7,73255673,15.38,15.7,15.26
"410",2019-09-11,16.47,150641625,15.82,16.54,15.73
"411",2019-09-12,16.39,128718086,16.51,16.9,16.29
"412",2019-09-13,16.34,79697135,16.46,16.56,16.32
"413",2019-09-16,16.18,70921405,16.4,16.49,16.07
"414",2019-09-17,16.31,59203605,16.16,16.37,16.02
"415",2019-09-18,16.23,63421513,16.33,16.54,16.15
"416",2019-09-19,16.44,73246988,16.4,16.52,16.32
"417",2019-09-20,16.04,97593911,16.43,16.46,15.87
"418",2019-09-23,16.08,65874417,16,16.34,15.94
"419",2019-09-24,14.88,194116553,16.1,16.13,14.84
"420",2019-09-25,15.24,141664219,14.97,15.26,14.55
"421",2019-09-26,16.17,181181759,15.37,16.22,15.16
"422",2019-09-27,16.14,166847617,16.14,16.58,15.91
"423",2019-09-30,16.05,89192370,16.2,16.26,15.74
"424",2019-10-01,16.31,92944304,16.1,16.39,15.94
"425",2019-10-02,16.2,93848173,16.21,16.31,15.96
"426",2019-10-03,15.53,227066286,15.45,15.63,14.95
"427",2019-10-04,15.42,120317640,15.44,15.65,15.2
"428",2019-10-07,15.84,121304294,15.32,15.9,15.23
"429",2019-10-08,16,130535005,15.72,16.26,15.63
"430",2019-10-09,16.3,104025443,16.08,16.48,16.04
"431",2019-10-10,16.31,94701208,16.35,16.61,16.1
"432",2019-10-11,16.52,127322321,16.47,16.73,16.45
"433",2019-10-14,17.13,153402823,16.52,17.23,16.47
"434",2019-10-15,17.19,97191791,17.18,17.33,16.94
"435",2019-10-16,17.31,100564495,17.15,17.47,17.12
"436",2019-10-17,17.46,71685609,17.5,17.65,17.34
"437",2019-10-18,17.13,86304947,17.38,17.52,17
"438",2019-10-21,16.9,76621477,17.22,17.3,16.67
"439",2019-10-22,17.03,69376390,16.95,17.22,16.72
"440",2019-10-23,16.97,168242616,16.96,17.07,16.75
"441",2019-10-24,19.97,447288226,19.89,20.32,19.28
"442",2019-10-25,21.87,450091125,19.84,22,19.74
"443",2019-10-28,21.84,283054208,21.83,22.72,21.5
"444",2019-10-29,21.08,190263955,21.33,21.62,20.98
"445",2019-10-30,21,144627078,20.86,21.25,20.66
"446",2019-10-31,20.99,76004302,20.87,21.26,20.86
"447",2019-11-01,20.88,95758887,21.08,21.09,20.65
"448",2019-11-04,21.16,131805534,20.98,21.46,20.61
"449",2019-11-05,21.14,104151203,21.3,21.56,21.07
"450",2019-11-06,21.77,119113920,21.2,21.78,20.96
"451",2019-11-07,22.36,217010141,21.94,22.76,21.86
"452",2019-11-08,22.47,91113269,22.3,22.49,22.16
"453",2019-11-11,23,149905260,22.93,23.27,22.8
"454",2019-11-12,23.32,110390690,23.12,23.35,22.93
"455",2019-11-13,23.07,127017881,23.66,23.75,23.01
"456",2019-11-14,23.29,97075496,23.07,23.58,22.86
"457",2019-11-15,23.47,72188409,23.37,23.52,23.22
"458",2019-11-18,23.33,66127542,23.52,23.54,23.07
"459",2019-11-19,23.96,116041112,23.45,23.99,23.18
"460",2019-11-20,23.48,101009424,24,24.08,23.3
"461",2019-11-21,23.65,91650149,23.63,24.05,23.6
"462",2019-11-22,22.2,253059473,22.67,22.73,22
"463",2019-11-25,22.42,185186457,22.95,22.97,22.29
"464",2019-11-26,21.92,119343525,22.35,22.36,21.8
"465",2019-11-27,22.08,83451843,22.07,22.26,21.9
"466",2019-11-29,21.99,36984417,22.07,22.08,21.83
"467",2019-12-02,22.32,91229744,21.96,22.42,21.91
"468",2019-12-03,22.41,99202090,22.17,22.52,22.14
"469",2019-12-04,22.2,83043783,22.51,22.52,22.19
"470",2019-12-05,22.02,56054612,22.18,22.29,21.81
"471",2019-12-06,22.39,114283998,22.33,22.59,22.31
"472",2019-12-09,22.63,135603187,22.43,22.96,22.33
"473",2019-12-10,23.25,132599199,22.66,23.38,22.62
"474",2019-12-11,23.51,103787378,23.45,23.81,23.4
"475",2019-12-12,23.97,116643107,23.66,24.18,23.54
"476",2019-12-13,23.89,98614166,24.07,24.34,23.64
"477",2019-12-16,25.43,273313963,24.17,25.57,24.16
"478",2019-12-17,25.26,127556561,25.26,25.7,25.06
"479",2019-12-18,26.21,212045744,25.37,26.34,25.37
"480",2019-12-19,26.93,271804514,26.48,27.12,26.43
"481",2019-12-20,27.03,221778039,27.35,27.53,26.67
"482",2019-12-23,27.94,199992200,27.45,28.13,27.33
"483",2019-12-24,28.35,120820740,27.89,28.36,27.51
"484",2019-12-26,28.72,159724270,28.52,28.89,28.42
"485",2019-12-27,28.69,149352330,29,29.02,28.4
"486",2019-12-30,27.64,189018955,28.58,28.6,27.28
"487",2019-12-31,27.88,154386823,27,28.08,26.8
"488",2020-01-02,28.68,143375718,28.3,28.71,28.11
"489",2020-01-03,29.53,266920367,29.36,30.26,29.12
"490",2020-01-06,30.1,152362424,29.36,30.1,29.33
"491",2020-01-07,31.27,273136963,30.76,31.44,30.22
"492",2020-01-08,32.8,467990616,31.58,33.23,31.21
"493",2020-01-09,32.08,426947637,33.14,33.25,31.52
"494",2020-01-10,31.87,194652353,32.11,32.32,31.58
"495",2020-01-13,34.99,399518050,32.9,35.04,32.8
"496",2020-01-14,35.86,435920482,36.28,36.49,34.99
"497",2020-01-15,34.56,260532320,35.31,35.85,34.45
"498",2020-01-16,34.23,326049587,32.91,34.29,32.81
"499",2020-01-17,34.03,204435948,33.84,34.37,33.54
"500",2020-01-21,36.48,267051916,35.35,36.57,35.22
"501",2020-01-22,37.97,470535215,38.12,39.63,37.27
"502",2020-01-23,38.14,294765453,37.61,38.8,37.04
"503",2020-01-24,37.65,215303892,38.04,38.25,36.95
"504",2020-01-27,37.2,204120948,36.13,37.62,35.95
"505",2020-01-28,37.79,176827262,37.89,38.45,37.2
"506",2020-01-29,38.73,273249913,38.37,39.32,37.82
"507",2020-01-30,42.72,435084982,42.16,43.39,41.2
"508",2020-01-31,43.37,235788932,42.66,43.53,42.16
"509",2020-02-03,52,708502146,44.91,52.4,44.9
"510",2020-02-04,59.13,914080943,58.86,64.59,55.59
"511",2020-02-05,48.98,726357237,54.88,56.39,46.94
"512",2020-02-06,49.93,598210951,46.66,53.05,45.8
"513",2020-02-07,49.87,255952672,48.7,51.31,48.66
"514",2020-02-10,51.41,370337215,53.33,54.66,50.16
"515",2020-02-11,51.62,175461962,51.25,52.23,50.53
"516",2020-02-12,51.15,180336960,51.85,52.65,50.89
"517",2020-02-13,53.6,394340053,49.45,54.53,49
"518",2020-02-14,53.33,235405532,52.48,54.19,52.36
"519",2020-02-18,57.22,250475425,56.1,57.33,55.49
"520",2020-02-19,61.16,381344209,61.56,62.98,60.06
"521",2020-02-20,59.96,264523218,60.79,60.8,57.32
"522",2020-02-21,60.06,215091642,60.46,60.87,58.69
"523",2020-02-24,55.58,227882286,55.93,57.56,54.81
"524",2020-02-25,53.32,259357070,56.6,57.1,52.46
"525",2020-02-26,51.92,212307494,52.16,54.22,51.74
"526",2020-02-27,45.26,364157218,48.66,49.31,44.6
"527",2020-02-28,44.53,368462366,41.98,46.03,40.76
"528",2020-03-02,49.57,302924699,47.41,49.57,45.77
"529",2020-03-03,49.7,386759807,53.66,53.79,47.74
"530",2020-03-04,49.96,225734587,50.93,51.1,48.31
"531",2020-03-05,48.3,162789819,48.25,49.71,47.87
"532",2020-03-06,46.89,189943705,46,47.13,45.61
"533",2020-03-09,40.53,256105972,40.35,44.19,40.33
"534",2020-03-10,43.02,233916483,43.96,44.53,40.53
"535",2020-03-11,42.28,201203749,42.68,43.57,40.86
"536",2020-03-12,37.37,283635608,38.72,39.63,36.41
"537",2020-03-13,36.44,339603580,39.66,40.5,33.46
"538",2020-03-16,29.67,307341746,31.3,32.99,29.47
"539",2020-03-17,28.68,359918520,29.33,31.45,26.4
"540",2020-03-18,24.08,356792222,25.93,26.99,23.36
"541",2020-03-19,28.5,452931674,24.97,30.13,23.89
"542",2020-03-20,28.5,424282288,29.21,31.8,28.38
"543",2020-03-23,28.95,246818127,28.9,29.46,27.36
"544",2020-03-24,33.66,343427378,31.82,34.24,31.6
"545",2020-03-25,35.95,318341091,36.35,37.13,34.07
"546",2020-03-26,35.21,261331069,36.49,37.33,34.15
"547",2020-03-27,34.29,215661042,33.66,35.05,32.93
"548",2020-03-30,33.47,179970960,34.01,34.44,32.74
"549",2020-03-31,34.93,266572217,33.41,36.19,33.13
"550",2020-04-01,32.1,200297600,33.6,34.26,31.67
"551",2020-04-02,30.29,297876301,32.06,32.95,29.76
"552",2020-04-03,32,338431031,33.96,34.36,31.22
"553",2020-04-06,34.41,223527488,34.08,34.73,33.19
"554",2020-04-07,36.36,268796566,36.33,37.66,35.48
"555",2020-04-08,36.58,189840205,36.94,37.14,35.55
"556",2020-04-09,38.2,204749898,37.47,38.34,37.14
"557",2020-04-13,43.39,337131131,39.34,43.46,38.7
"558",2020-04-14,47.32,458647421,46.59,49.45,46.16
"559",2020-04-15,48.65,353654823,49.46,50.2,47.33
"560",2020-04-16,49.68,309867745,47.79,50.63,47.11
"561",2020-04-17,50.25,196923352,51.48,51.66,49.84
"562",2020-04-20,49.75,221195439,48.84,51.03,47.48
"563",2020-04-21,45.78,303136198,48.67,50.22,44.91
"564",2020-04-22,48.8,213372343,46.93,48.93,45.91
"565",2020-04-23,47.04,198550401,48.5,48.93,46.87
"566",2020-04-24,48.34,198564051,47.38,48.71,46.54
"567",2020-04-27,53.25,310221445,49.17,53.29,49
"568",2020-04-28,51.27,228329286,53.04,53.66,50.44
"569",2020-04-29,53.36,243239578,52.67,53.54,52.21
"570",2020-04-30,52.12,427077536,57.01,57.98,50.9
"571",2020-05-01,46.75,487976906,50.33,51.51,45.53
"572",2020-05-04,50.74,288556206,46.73,50.8,46.53
"573",2020-05-05,51.21,254874773,52.65,53.26,50.81
"574",2020-05-06,52.17,166848367,51.76,52.65,50.74
"575",2020-05-07,52,172915264,51.81,53.09,51.49
"576",2020-05-08,54.62,241951229,52.91,54.93,52.46
"577",2020-05-11,54.08,247793876,52.7,54.93,52.33
"578",2020-05-12,53.96,238603531,55.13,56.21,53.86
"579",2020-05-13,52.73,285982207,54.72,55.06,50.88
"580",2020-05-14,53.55,205232747,52,53.55,50.93
"581",2020-05-15,53.27,157776371,52.69,53.66,52.43
"582",2020-05-18,54.24,175471412,55.18,55.64,53.59
"583",2020-05-19,53.86,144547758,54.34,54.8,53.73
"584",2020-05-20,54.37,109639010,54.7,55.06,54.12
"585",2020-05-21,55.17,183818608,54.4,55.5,53.06
"586",2020-05-22,54.45,149812050,54.81,55.45,54.13
"587",2020-05-26,54.59,121345979,55.63,55.64,54.38
"588",2020-05-27,54.68,173242863,54.72,55.18,52.33
"589",2020-05-28,53.72,109136555,54.23,54.98,53.44
"590",2020-05-29,55.66,177187261,53.91,55.66,53.61
"591",2020-06-01,59.87,226279387,57.2,59.93,56.94
"592",2020-06-02,58.77,203483898,59.64,60.57,58.06
"593",2020-06-03,58.86,119241975,59.2,59.86,58.67
"594",2020-06-04,57.62,133315628,59.32,59.71,57.22
"595",2020-06-05,59.04,117178696,58.52,59.1,57.74
"596",2020-06-08,63.32,212620844,61.26,63.33,60.61
"597",2020-06-09,62.71,170822165,62.66,63.62,61.59
"598",2020-06-10,68.33,278451011,66.12,68.49,65.5
"599",2020-06-11,64.85,238747081,66.01,67.93,64.8
"600",2020-06-12,62.35,251450424,65.33,65.86,60.84
"601",2020-06-15,66.06,235457582,61.18,66.58,60.56
"602",2020-06-16,65.47,210766095,67.45,67.52,64.15
"603",2020-06-17,66.11,148361926,65.84,67,65.5
"604",2020-06-18,66.93,146278967,66.86,67.94,66.29
"605",2020-06-19,66.72,130196170,67.51,67.73,66.08
"606",2020-06-22,66.28,95435202,66.66,67.25,66
"607",2020-06-23,66.78,95479017,66.59,67.46,66.26
"608",2020-06-24,64.05,164393768,66.27,66.72,63.54
"609",2020-06-25,65.73,138818166,63.61,65.73,62.47
"610",2020-06-26,63.98,132823554,66.31,66.33,63.65
"611",2020-06-29,67.29,135395992,64.6,67.33,63.23
"612",2020-06-30,71.98,253777373,67.1,72.51,66.91
"613",2020-07-01,74.64,199903400,72.2,75.68,72.03
"614",2020-07-02,80.57,258751671,81.43,81.86,79.04
"615",2020-07-06,91.43,308547746,85.11,91.85,84.4
"616",2020-07-07,92.65,322344739,93.66,95.3,89.11
"617",2020-07-08,91.05,244669528,93.66,94.48,87.42
"618",2020-07-09,92.95,175763912,93.13,93.9,90.08
"619",2020-07-10,102.9,350063075,93.06,103.2,91.73
"620",2020-07-13,99.8,584780108,110.6,119.6,98.07
"621",2020-07-14,101.1,351271924,103.7,106,95.4
"622",2020-07-15,103,245517327,102.8,103.3,97.13
"623",2020-07-16,100,214511743,98.47,102.1,97.73
"624",2020-07-17,100,139949510,100.8,102.5,99.33
"625",2020-07-20,109.5,256820422,101.2,110,99.2
"626",2020-07-21,104.5,242359079,109.3,111.6,103.8
"627",2020-07-22,106.1,212416094,106.6,108.4,104.1
"628",2020-07-23,100.8,364927318,111.9,112.6,98.71
"629",2020-07-24,94.46,290949155,94.4,97.66,91.1
"630",2020-07-27,102.6,240729930,95.66,103.1,94.2
"631",2020-07-28,98.43,237130381,100.2,104.3,98.29
"632",2020-07-29,99.94,141403324,100,102.3,99.13
"633",2020-07-30,99.16,114315528,99.2,100.8,98.06
"634",2020-07-31,95.38,183704308,101,101.1,94.73
"635",2020-08-03,99,132140124,96.61,100.6,96.29
"636",2020-08-04,99.13,126224787,99.66,101.8,97.46
"637",2020-08-05,99,74670188,99.53,99.98,97.88
"638",2020-08-06,99.3,89884650,99.38,101.1,98.48
"639",2020-08-07,96.84,133446233,99.96,99.98,94.33
"640",2020-08-10,94.57,112833904,96.53,97.16,92.38
"641",2020-08-11,91.62,129387445,93.06,94.66,91
"642",2020-08-12,103.6,328482286,98,105.6,95.66
"643",2020-08-13,108,306379497,107.4,110,104.4
"644",2020-08-14,110,188664056,110.9,111.2,108.4
"645",2020-08-17,122.3,303634648,111.8,123,111.5
"646",2020-08-18,125.8,247117226,126.5,128.2,123
"647",2020-08-19,125.2,183079858,124.3,127.4,122.7
"648",2020-08-20,133.4,309176845,124,134.7,123.8
"649",2020-08-21,136.6,322343239,136.3,139.6,135
"650",2020-08-24,134.2,300954150,141.7,141.9,128.5
"651",2020-08-25,134.8,159883270,131.6,135.1,131.2
"652",2020-08-26,143.5,213590593,137.3,144.4,136.9
"653",2020-08-27,149.2,355395422,145.3,153,142.8
"654",2020-08-28,147.5,301217549,153,154.5,145.7
"655",2020-08-31,166.1,355123236,148.2,166.7,146.7
"656",2020-09-01,158.3,270358287,167.3,167.4,156.8
"657",2020-09-02,149.1,288528419,159.6,159.6,135
"658",2020-09-03,135.6,262788296,135.7,143.9,134
"659",2020-09-04,139.4,330965733,134.2,142.6,124
"660",2020-09-08,110,346397135,118.6,122.9,109.9
"661",2020-09-09,122,238397334,118.8,123,113.8
"662",2020-09-10,123.7,254791855,128.7,132.9,120.1
"663",2020-09-11,124.2,182152398,127.3,127.5,120.1
"664",2020-09-14,139.8,249061855,126.9,140,124.4
"665",2020-09-15,149.9,291894719,145.5,153.9,143.5
"666",2020-09-16,147.2,217640302,146.6,152.5,145.1
"667",2020-09-17,141.1,230337503,138.5,145.9,136
"668",2020-09-18,147.3,259220486,149.3,150.3,142.9
"669",2020-09-21,149.7,328430433,151,151.8,135.6
"670",2020-09-22,141.4,238742424,143.2,145.9,139.2
"671",2020-09-23,126.7,285222569,135,137.3,125.2
"672",2020-09-24,129.2,289683209,121.2,133.1,117.1
"673",2020-09-25,135.7,201625400,131.1,136.2,130.4
"674",2020-09-28,140.4,149158695,141.5,142.6,138.5
"675",2020-09-29,139.6,151024215,138.6,142.8,137.2
"676",2020-09-30,143,144436724,140.4,144.6,140.1
"677",2020-10-01,149.3,152224365,146.9,149.6,144.8
"678",2020-10-02,138.3,214290111,140.4,146.3,138.3
"679",2020-10-05,141.8,134168383,141.1,144.5,139.7
"680",2020-10-06,137.9,147438795,141.2,142.9,135.3
"681",2020-10-07,141.7,129383143,139.9,143.3,137.9
"682",2020-10-08,141.9,121263372,146.1,146.3,141.7
"683",2020-10-09,144.6,86776989,143.3,144.8,142.1
"684",2020-10-12,147.4,116373402,147.3,149.5,146.1
"685",2020-10-13,148.8,103391020,147.7,149.6,145.5
"686",2020-10-14,153.7,144136184,149.9,155.3,149.1
"687",2020-10-15,149.6,107017061,150.1,152.1,147.5
"688",2020-10-16,146.5,98327650,151.4,151.9,146.2
"689",2020-10-19,143.6,108863531,148.7,149,142.9
"690",2020-10-20,140.6,94968879,143.9,143.9,139.6
"691",2020-10-21,140.8,97111390,140.9,144.3,140.4
"692",2020-10-22,141.9,119979582,147.3,148.4,141.5
"693",2020-10-23,140.2,101150950,140.6,140.9,135.7
"694",2020-10-26,140,84717488,137.2,141.9,136.6
"695",2020-10-27,141.5,68059537,141.2,143.5,140
"696",2020-10-28,135.3,76354238,138.8,139.5,135.3
"697",2020-10-29,136.9,67965937,136.6,139.3,135.4
"698",2020-10-30,129.3,127762933,135.6,135.8,126.3
"699",2020-11-02,133.5,87063369,131.3,135.6,130.7
"700",2020-11-03,141.3,103055170,136.5,142.5,135.5
"701",2020-11-04,140.3,96429190,143.5,145.1,139
"702",2020-11-05,146,85243569,142.7,146.6,141.3
"703",2020-11-06,143.3,65118037,145.3,145.5,141.4
"704",2020-11-09,140.4,104499100,146.5,150.8,140.3
"705",2020-11-10,136.7,90852669,140,140,132
"706",2020-11-11,139,52073165,138.8,139.5,136.8
"707",2020-11-12,137.2,59821506,138.3,141,136.5
"708",2020-11-13,136.1,59491056,136.9,137.5,133.8
"709",2020-11-16,136,80515928,136.3,137.4,134.6
"710",2020-11-17,147.2,183564858,153.3,154,144.3
"711",2020-11-18,162.2,234132083,149.4,165.3,147.8
"712",2020-11-19,166.4,187426069,164,169.5,162.5
"713",2020-11-20,163.2,98735770,165.9,167.5,163
"714",2020-11-23,173.9,150780915,167.8,175.3,167.2
"715",2020-11-24,185.1,160945486,180.1,186.6,175.4
"716",2020-11-25,191.3,146790495,183.3,191.3,181.7
"717",2020-11-27,195.2,112683251,193.7,199.5,192.8
"718",2020-11-30,189.2,189009169,200.7,202.6,184.8
"719",2020-12-01,194.9,121148502,199.1,199.2,190.6
"720",2020-12-02,189.6,143326964,185.4,190.5,180.4
"721",2020-12-03,197.7,127656013,196.6,199.6,194.1
"722",2020-12-04,199.6,88203939,197,199.6,195.1
"723",2020-12-07,213.9,168929147,201.6,216.2,201
"724",2020-12-08,216.6,192795109,208.5,217,206.1
"725",2020-12-09,201.4,213873591,217.8,218.1,196
"726",2020-12-10,209,201249470,191.4,209.2,188.7
"727",2020-12-11,203.3,139424924,205,208,198.9
"728",2020-12-14,213.2,156121966,206.3,214.2,203.4
"729",2020-12-15,211,135670694,214.4,215.6,207.9
"730",2020-12-16,207.5,126287443,209.4,210.8,201.6
"731",2020-12-17,218.6,168810437,209.3,219.6,206.5
"732",2020-12-18,231.6,666378667,222.9,231.6,209.5
"733",2020-12-21,216.6,174135797,222,222.8,215.3
"734",2020-12-22,213.4,155584936,216,216.6,204.7
"735",2020-12-23,215.3,99518920,210.7,217.1,207.5
"736",2020-12-24,220.5,68596717,214.3,222,213.6
"737",2020-12-28,221.2,96835690,224.8,227.1,220.2
"738",2020-12-29,221.9,68732437,220.3,223.3,218.3
"739",2020-12-30,231.5,128538073,224,232.2,222.7
"740",2020-12-31,235.2,148949805,233.3,239.5,230.3
"741",2021-01-04,243.2,145914585,239.8,248.1,239
"742",2021-01-05,245,96735520,241.2,246.9,239.7
"743",2021-01-06,251.9,134099923,252.8,258,249.7
"744",2021-01-07,272,154496865,259.2,272.3,258.4
"745",2021-01-08,293.3,225166613,285.3,294.8,279.4
"746",2021-01-11,270.3,178662468,283.1,284.8,267.8
"747",2021-01-12,283.1,138812174,277,289.3,275.7
"748",2021-01-13,284.8,99937510,284.2,286.8,277.3
"749",2021-01-14,281.6,93798999,281.1,287.6,279.5
"750",2021-01-15,275.3,116332812,284,286.6,273
"751",2021-01-19,281.5,76100948,279.2,283.3,277.6
"752",2021-01-20,283.4,76997648,286.2,286.5,279
"753",2021-01-21,281.6,61794396,285,285.2,280.4
"754",2021-01-22,282.2,60199506,278.1,282.6,276.2
"755",2021-01-25,293.6,123520212,285,300.1,279.6
"756",2021-01-26,294.3,69394807,297.1,298.6,290.5
"757",2021-01-27,288,82001888,290.1,297.1,286.2
"758",2021-01-28,278.4,79134158,273.3,282.6,267
"759",2021-01-29,264.5,104972260,276.6,280.8,260
"760",2021-02-01,279.9,76174178,271.4,280.6,265.1
"761",2021-02-02,290.9,73038637,281.5,293.5,280.7
"762",2021-02-03,284.8,55030536,292.3,292.6,284.3
"763",2021-02-04,283.3,47437985,285,285.5,277.8
"764",2021-02-05,284,55699926,281.6,288.2,279.6
"765",2021-02-08,287.8,60485166,289.8,292.5,284.9
"766",2021-02-09,283.1,45472955,285,286.6,280.5
"767",2021-02-10,268.2,108648281,281.2,281.6,266.6
"768",2021-02-11,270.5,64868256,270.8,276.6,267.2
"769",2021-02-12,272,71304937,267,272.4,261.7
"770",2021-02-16,265.4,59406966,272.6,273.6,264.1
"771",2021-02-17,266,78236708,259.6,266.6,254
"772",2021-02-18,262.4,53871185,260.3,264.8,258.7
"773",2021-02-19,260.4,56874786,265,265.5,259.1
"774",2021-02-22,238.1,111809171,254.2,256.1,236.7
"775",2021-02-23,232.9,199820660,220.7,237.8,206.3
"776",2021-02-24,247.3,110300861,237.2,248.3,231.3
"777",2021-02-25,227.4,117071592,242,245.7,223.5
"778",2021-02-26,225.1,123267522,233.3,235.5,219.8
"779",2021-03-01,239.4,81408728,230,290.6,228.3
"780",2021-03-02,228.8,71196487,239.4,240.3,228.3
"781",2021-03-03,217.7,90623889,229.3,233.5,217.2
"782",2021-03-04,207.1,197758610,218.6,291.3,200
"783",2021-03-05,199.3,268189407,208.6,209.2,179.8
"784",2021-03-08,187.6,155360896,200.1,206.7,186.2
"785",2021-03-09,224.5,202570010,202.7,226,198.4
"786",2021-03-10,222.6,181817028,233.4,239.2,218.3
"787",2021-03-11,233.2,108761681,233.1,234.1,225.7
"788",2021-03-12,231.2,100751530,223.3,231.6,222
"789",2021-03-15,235.9,88270449,231.3,237.7,228
"790",2021-03-16,225.6,96587020,234.4,235.9,223.6
"791",2021-03-17,233.9,121117362,218.9,234.5,217
"792",2021-03-18,217.7,100107070,228,229.7,217.3
"793",2021-03-19,218.2,128681953,215.5,219,208.2
"794",2021-03-22,223.3,118536672,228.1,233.2,222.9
"795",2021-03-23,220.7,91475619,225.2,225.9,219.1
"796",2021-03-24,210,101385520,222.6,222.6,210
"797",2021-03-25,213.4,117674562,204.3,215.1,203.1
"798",2021-03-26,206.2,101558500,213.9,214.6,199.9
"799",2021-03-29,203.7,85910979,205.2,205.4,198.6
"800",2021-03-30,211.8,118297092,200.5,212.5,197
"801",2021-03-31,222.6,100011880,215.5,224,213.7
"802",2021-04-01,220.5,105895151,229.4,230.8,219.8
"803",2021-04-05,230.3,125528323,235.9,236,228.2
"804",2021-04-06,230.5,84815528,230.1,232.1,227.1
"805",2021-04-07,223.6,78928298,229,230.4,222.6
"806",2021-04-08,227.9,71772997,225.7,229.8,223.8
"807",2021-04-09,225.6,64311276,225.9,226.9,223.1
"808",2021-04-12,233.9,87407019,228.5,234.9,227.3
"809",2021-04-13,254.1,133958443,237.5,254.3,236.8
"810",2021-04-14,244,147052305,256.9,260.2,242.6
"811",2021-04-15,246.2,83546708,247.7,247.8,240.4
"812",2021-04-16,246.5,83938598,242.8,249.8,241.5
"813",2021-04-19,238.2,119058702,239.8,241.8,230.6
"814",2021-04-20,239.6,106827131,239.1,245.7,236.8
"815",2021-04-21,248,93646539,234.9,248.2,232.6
"816",2021-04-22,239.8,106770791,247.1,251.2,239.3
"817",2021-04-23,243.1,85241679,239.9,245.7,238.4
"818",2021-04-26,246,93115509,247,249.7,244.2
"819",2021-04-27,234.9,88311009,239.3,241.3,234.4
"820",2021-04-28,231.4,66813157,232.1,236.1,231.2
"821",2021-04-29,225.6,86536359,233.1,234,222.8
"822",2021-04-30,236.4,122276172,222.5,238.4,222
"823",2021-05-03,228.3,81129428,234.6,235.3,226.8
"824",2021-05-04,224.5,89217969,226.3,227.8,219.2
"825",2021-05-05,223.6,65705677,227,228.4,222.4
"826",2021-05-06,221.1,83353868,226.9,227,216.6
"827",2021-05-07,224.1,70407517,221.9,230,220
"828",2021-05-10,209.6,94177269,221.6,221.6,209.2
"829",2021-05-11,205.7,139511714,199.7,209,198.5
"830",2021-05-12,196.6,101470960,200.8,206.8,195.5
"831",2021-05-13,190.5,132554773,200.5,202.1,186.5
"832",2021-05-14,196.5,100112590,194.4,197.6,190.1
"833",2021-05-17,192.2,96743410,191.8,196.5,187
"834",2021-05-18,192.6,110491721,189.3,198.7,187.7
"835",2021-05-19,187.8,118735212,184.1,188.7,182.3
"836",2021-05-20,195.5,92463369,191.6,196.2,190.3
"837",2021-05-21,193.6,78091808,198.7,198.8,193.3
"838",2021-05-24,202.1,103674280,193.8,204.8,191.2
"839",2021-05-25,201.5,84017798,202.4,204.6,198.5
"840",2021-05-26,206.3,85917939,202.5,208.7,200.5
"841",2021-05-27,210.2,79111778,206.7,210.3,205.4
"842",2021-05-28,208.4,68211127,209.5,211.8,207.4
"843",2021-06-01,207.9,54254675,209.2,211.2,206.8
"844",2021-06-02,201.7,69908347,206.7,207.7,199.7
"845",2021-06-03,190.9,90335679,200.6,201.5,190.4
"846",2021-06-04,199.6,72110707,193.2,200.2,192.4
"847",2021-06-07,201.7,67631047,197.2,203.3,194.2
"848",2021-06-08,201.1,78160238,207.6,207.6,198.5
"849",2021-06-09,199.5,49753715,200.7,203.9,199.2
"850",2021-06-10,203.3,71758837,201.2,205.5,200.1
"851",2021-06-11,203.2,48615905,203.4,204.1,200.5
"852",2021-06-14,205.8,61271946,204,208.4,203
"853",2021-06-15,199.7,53292455,205.5,205.5,199.4
"854",2021-06-16,201.6,66432397,199.1,202.8,197.8
"855",2021-06-17,205.5,68104057,200.6,207.1,200.4
"856",2021-06-18,207.7,73682737,204.4,209.4,203.9
"857",2021-06-21,206.9,74438227,208.1,210.4,202.9
"858",2021-06-22,207.9,57476676,206,209.5,205.1
"859",2021-06-23,218.8,93297699,210.6,219,210
"860",2021-06-24,226.6,137947184,224.9,232.5,222.5
"861",2021-06-25,223.9,97490140,229.8,231.2,222.9
"862",2021-06-28,229.5,64884486,223.8,231.5,223.4
"863",2021-06-29,226.9,52143935,228.2,229.1,225.2
"864",2021-06-30,226.5,56774586,226.5,230.9,226
"865",2021-07-01,225.9,55903566,227.9,229.3,224.2
"866",2021-07-02,226.3,81292118,226.3,233.3,224.4
"867",2021-07-06,219.8,69853357,227.2,228,217.1
"868",2021-07-07,214.8,56375886,221.4,221.9,212.7
"869",2021-07-08,217.6,68319967,209.4,218.1,206.8
"870",2021-07-09,218.9,54421655,217.7,219.6,214.8
"871",2021-07-12,228.5,77781128,220.7,229,220.7
"872",2021-07-13,222.8,62898276,228.7,231,222
"873",2021-07-14,217.7,64923576,223.5,226.2,217.6
"874",2021-07-15,216.8,60628716,219.4,222,212.6
"875",2021-07-16,214.7,49112915,218.2,218.8,214
"876",2021-07-19,215.4,63891276,209.9,215.7,207
"877",2021-07-20,220.1,46461395,217.3,220.7,213.5
"878",2021-07-21,218.4,41860024,219.8,221.6,216.7
"879",2021-07-22,216.4,45317195,218.8,220.7,214.8
"880",2021-07-23,214.4,43814824,215.4,216.2,212.4
"881",2021-07-26,219.2,76009688,216.9,222.7,215.7
"882",2021-07-27,214.9,98439880,221.1,222.1,209
"883",2021-07-28,215.6,48019805,215.6,218.3,213.1
"884",2021-07-29,225.7,91183929,216.5,227.8,216.2
"885",2021-07-30,229,88969239,223.9,232.5,223
"886",2021-08-02,236.5,100847320,233.3,242.3,232.8
"887",2021-08-03,236.5,64860756,239.6,240.8,233.6
"888",2021-08-04,236.9,51007955,237,241.6,236.3
"889",2021-08-05,238.2,38758924,238.6,240.3,237.1
"890",2021-08-06,233,46869155,237.3,238.7,232.5
"891",2021-08-09,237.9,44146054,236.7,239.6,235
"892",2021-08-10,236.6,40296934,237.9,238.8,233.9
"893",2021-08-11,235.9,29401677,237.5,238.3,234.7
"894",2021-08-12,240.7,53045075,235.4,240.9,233.1
"895",2021-08-13,239,50194415,241.2,243.3,238.1
"896",2021-08-16,228.7,69309907,235,236.5,225.4
"897",2021-08-17,221.9,71163847,224.2,224.8,216.2
"898",2021-08-18,229.6,61048146,223.2,231.9,223.1
"899",2021-08-19,224.4,42940474,226,228.8,222.5
"900",2021-08-20,226.7,44525614,227.6,230.7,224.5
"901",2021-08-23,235.4,60794586,228.4,237.3,226.9
"902",2021-08-24,236.1,39249214,236.8,238.4,234.2
"903",2021-08-25,237,37936684,235.6,238.9,234.6
"904",2021-08-26,233.7,39642874,236.1,238.4,232.5
"905",2021-08-27,237.3,41501284,235,238.3,234
"906",2021-08-30,243.6,55812666,238.2,243.6,237.5
"907",2021-08-31,245.2,62566326,244.3,246.7,242.1
"908",2021-09-01,244.6,39613024,244.6,247.3,243.7
"909",2021-09-02,244.1,38390224,244.8,246.9,243.5
"910",2021-09-03,244.5,45813155,244,244.6,241.4
"911",2021-09-07,250.9,60119496,246.6,253.4,246.4
"912",2021-09-08,251.2,56379126,253.8,254.8,246.9
"913",2021-09-09,251.6,42233194,251.1,254,250.5
"914",2021-09-10,245.4,45552515,253.2,254.2,244.8
"915",2021-09-13,247.6,68857447,246.7,248.2,236.2
"916",2021-09-14,248.1,55574646,247.5,251.4,245.4
"917",2021-09-15,251.9,46073075,248.3,252.2,246.1
"918",2021-09-16,252.3,41770174,250.9,252.9,249.2
"919",2021-09-17,253.1,84612548,252.3,253.6,250
"920",2021-09-20,243.3,74272957,244.8,247.3,239.5
"921",2021-09-21,246.4,48992165,244.9,248.2,243.4
"922",2021-09-22,250.6,45378815,247.8,251.2,246.3
"923",2021-09-23,251.2,35842594,251.6,252.7,249.3
"924",2021-09-24,258.1,64119066,248.6,258.2,248.1
"925",2021-09-27,263.7,84211988,257.7,266.3,256.4
"926",2021-09-28,259.1,76144268,262.4,265.2,255.3
"927",2021-09-29,260.4,62828646,259.9,264.5,256.8
"928",2021-09-30,258.4,53867885,260.3,263,258.3
"929",2021-10-01,258.4,51094235,259.4,260.2,254.5
"930",2021-10-04,260.5,91450029,265.5,268.9,258.7
"931",2021-10-05,260.1,55297896,261.5,265.7,258
"932",2021-10-06,260.9,43898314,258.7,262.2,257.7
"933",2021-10-07,264.5,57587346,261.8,268.3,261.1
"934",2021-10-08,261.8,50215805,265.4,265.4,260.3
"935",2021-10-11,263.9,42600964,262.5,267,261.8
"936",2021-10-12,268.5,66060127,266.9,270.7,265.5
"937",2021-10-13,270.3,42360244,270.1,271.8,268.5
"938",2021-10-14,272.7,36741514,271.8,273.4,271.1
"939",2021-10-15,281,56773716,274.5,281,274.1
"940",2021-10-18,290,72621727,283.9,291.7,283.8
"941",2021-10-19,288,52143395,292.5,292.6,287.5
"942",2021-10-20,288.6,42096154,288.4,289.8,285.7
"943",2021-10-21,298,94444359,285.3,300,285.1
"944",2021-10-22,303.2,68642527,298.5,303.3,296.9
"945",2021-10-25,341.6,188556319,316.8,348.3,314.7
"946",2021-10-26,339.4,187244929,341.5,364.9,333.8
"947",2021-10-27,345.9,115579392,346.5,356.9,343.5
"948",2021-10-28,359,81639518,356.1,360.3,351.4
"949",2021-10-29,371.3,89755269,360.6,371.7,357.7
"950",2021-11-01,402.8,168146177,381.6,403.2,372.8
"951",2021-11-02,390.6,128213413,386.4,402.8,382
"952",2021-11-03,404.6,103885570,392.4,405.1,384.2
"953",2021-11-04,409.9,76192238,411.4,414.4,405.6
"954",2021-11-05,407.3,64886436,409.3,413.2,402.6
"955",2021-11-08,387.6,100337170,383.2,399,377.6
"956",2021-11-09,341.1,177317538,391.2,391.5,337.1
"957",2021-11-10,355.9,128408173,336.8,359.3,329.1
"958",2021-11-11,354.5,67189717,367.5,368.3,351.5
"959",2021-11-12,344.4,76719458,349.1,351.5,339.7
"960",2021-11-15,337.7,104326960,339.2,343.9,326.2
"961",2021-11-16,351.5,79627088,334.4,352.3,334
"962",2021-11-17,363,94336119,354.5,373.2,351.8
"963",2021-11-18,365.4,62696796,368.8,370.6,358.3
"964",2021-11-19,379,64926786,366.2,379.5,364.2
"965",2021-11-22,385.6,99217540,387.4,400.6,377.4
"966",2021-11-23,369.6,108515111,389.1,393.4,354.2
"967",2021-11-24,372,67680727,360.1,377.5,354
"968",2021-11-26,360.6,35042674,366.4,369.5,360.3
"969",2021-11-29,378.9,58393416,366.9,380.8,366.7
"970",2021-11-30,381.5,81276128,381.4,389.3,372.6
"971",2021-12-01,365,68804107,386.8,390.9,363.5
"972",2021-12-02,361.5,73114867,366.3,371,352.2
"973",2021-12-03,338.3,92322009,361.5,363.5,333.4
"974",2021-12-06,336.3,81663128,333.8,340.5,316.8
"975",2021-12-07,350.5,56084586,348,352.5,342.2
"976",2021-12-08,356.3,41906374,350.9,357.4,344.3
"977",2021-12-09,334.6,59438496,353.5,354.1,334.1
"978",2021-12-10,339,59664366,336.2,340.3,327.5
"979",2021-12-13,322.1,78595508,333.6,335,317.1
"980",2021-12-14,319.5,70806277,315,322.1,310
"981",2021-12-15,325.3,75169238,317.7,326.2,309.4
"982",2021-12-16,308.9,82771448,331.5,331.6,307.2
"983",2021-12-17,310.8,100880260,304.9,320.2,303
"984",2021-12-20,299.9,56480016,303.5,307.2,297.7
"985",2021-12-21,312.8,71517937,305.6,313.1,295.3
"986",2021-12-22,336.2,93634089,321.8,338.5,319
"987",2021-12-23,355.6,92713299,335.6,357.6,332.5
"988",2021-12-27,364.6,71145817,357.8,372.3,356.9
"989",2021-12-28,362.8,60323916,369.8,372.9,359.4
"990",2021-12-29,362,56154066,366.2,368,354.7
"991",2021-12-30,356.7,47040935,353.7,365.1,351
"992",2021-12-31,352.2,40733644,357.8,360.6,351.5
"993",2022-01-03,399.9,104686060,382.5,400.3,378.6
"994",2022-01-04,383.1,100248280,396.5,402.6,374.3
"995",2022-01-05,362.7,80119808,382.2,390.1,360.3
"996",2022-01-06,354.9,90336489,359,362.6,340.1
"997",2022-01-07,342.3,84164768,360.1,360.3,336.6
"998",2022-01-10,352.7,91814889,333.3,353,326.6
"999",2022-01-11,354.8,66063217,351.2,358.6,346.2
"1000",2022-01-12,368.7,83739038,359.6,371.6,357.5
"1001",2022-01-13,343.8,97209790,369.6,371.8,342.1
"1002",2022-01-14,349.8,72924427,339.9,350.6,337.7
"1003",2022-01-18,343.5,66989407,342.2,356.9,338.6
"1004",2022-01-19,331.8,75442508,347.2,351.5,331.6
"1005",2022-01-20,332,70488757,336.5,347.2,331.3
"1006",2022-01-21,314.6,103416040,332.1,334.8,313.5
"1007",2022-01-24,310,152375145,301.5,311.1,283.8
"1008",2022-01-25,306.1,86595909,304.7,317,301
"1009",2022-01-26,312.4,104867290,317.4,329.2,302
"1010",2022-01-27,276.3,147109575,311.1,311.7,276.3
"1011",2022-01-28,282.1,134788963,277.1,285.8,264
"1012",2022-01-31,312.2,104436100,290.9,312.6,287.3
"1013",2022-02-01,310.4,73138357,311.7,314.5,301.6
"1014",2022-02-02,301.8,66793057,309.3,310.5,296.4
"1015",2022-02-03,297,78855578,294,312.3,293.5
"1016",2022-02-04,307.7,73625467,299,312.1,293.7
"1017",2022-02-07,302.4,60994476,307.9,315.9,300.9
"1018",2022-02-08,307.3,50729015,301.8,308.7,298.2
"1019",2022-02-09,310.6,52259555,311.6,315.4,306.6
"1020",2022-02-10,301.5,66126847,302.7,314.6,298.9
"1021",2022-02-11,286.6,79645868,303.2,305.3,283.5
"1022",2022-02-14,291.9,67756417,287.1,299.6,284.3
"1023",2022-02-15,307.4,57649536,300,307.6,297.7
"1024",2022-02-16,307.7,51294395,304.6,308.8,300.4
"1025",2022-02-17,292.1,55178436,304.4,306.1,291.3
"1026",2022-02-18,285.6,68501857,295.3,295.6,279.2
"1027",2022-02-22,273.8,83288198,278,285.5,267
"1028",2022-02-23,254.6,95257030,276.8,278.4,253.5
"1029",2022-02-24,266.9,135322304,233.4,267.4,233.3
"1030",2022-02-25,269.9,76067768,269.7,273.1,260.8
"1031",2022-02-28,290.1,99006880,271.6,292.2,271.5
"1032",2022-03-01,288.1,74766877,289.8,296.6,284.5
"1033",2022-03-02,293.2,74643457,290.7,295.4,281.4
"1034",2022-03-03,279.7,61623516,292.9,295.4,277.5
"1035",2022-03-04,279.4,67179877,283,285.2,275
"1036",2022-03-07,268.1,72494167,285.4,288.7,268.1
"1037",2022-03-08,274.8,80399108,265.1,283.3,260.7
"1038",2022-03-09,286.3,59183976,279.8,286.8,277.3
"1039",2022-03-10,279.4,58648656,283.8,284.8,270.1
"1040",2022-03-11,265.1,67037167,280,281.2,264.5
"1041",2022-03-14,255.4,71152267,260.2,266.9,252
"1042",2022-03-15,267.2,66841147,258.4,268.5,252.1
"1043",2022-03-16,280,84028838,269.6,280.6,267.4
"1044",2022-03-17,290.5,66582967,276.9,291.6,275.2
"1045",2022-03-18,301.7,100414210,291.4,302.6,289.1
"1046",2022-03-21,307,81981668,304.9,314.2,302.3
"1047",2022-03-22,331.3,105868571,310,332.6,307.2
"1048",2022-03-23,333,120676152,326.6,346.9,325.4
"1049",2022-03-24,337.9,68920897,336.5,341.4,329.6
"1050",2022-03-25,336.8,62031546,336,340.5,332.4
"1051",2022-03-28,363.9,102506080,355,365.9,351.2
"1052",2022-03-29,366.5,73614817,369.3,371.5,357.7
"1053",2022-03-30,364.6,59865006,363.7,371.3,361.3
"1054",2022-03-31,359.2,48992765,364.8,367.7,358.8
"1055",2022-04-01,361.5,54263225,360.3,364.9,355.5
"1056",2022-04-04,381.8,82177718,363.1,383.3,357.5
"1057",2022-04-05,363.7,80075018,378.7,384.2,362.4
"1058",2022-04-06,348.5,89348559,357.8,359.6,342.5
"1059",2022-04-07,352.4,79447058,350.7,358.8,340.5
"1060",2022-04-08,341.8,55013706,347.7,349.4,340.8
"1061",2022-04-11,325.3,59357226,326.8,336.1,324.8
"1062",2022-04-12,328.9,65976097,332.5,340.3,325.5
"1063",2022-04-13,340.7,55121226,327,342,324.3
"1064",2022-04-14,328.3,58422426,333,337.5,327.3
"1065",2022-04-18,334.7,51715235,329.6,338.3,324.4
"1066",2022-04-19,342.7,49847825,335,344.9,331.7
"1067",2022-04-20,325.7,70711327,343.3,344.6,325
"1068",2022-04-21,336.2,105416351,358.2,364,332.1
"1069",2022-04-22,335,69696577,338.3,344.9,331.3
"1070",2022-04-25,332.6,68341357,326.3,336.2,325.1
"1071",2022-04-26,292.1,136133684,331.8,333.3,291.6
"1072",2022-04-27,293.8,76956398,299.5,306,292.4
"1073",2022-04-28,292.5,124948542,299.9,300,273.9
"1074",2022-04-29,290.2,88133019,300.7,311.4,290
"1075",2022-05-02,300.9,75781388,286.9,302.1,282.6
"1076",2022-05-03,303,63709596,301,308,296.1
"1077",2022-05-04,317.5,81643718,301.3,318.5,295
"1078",2022-05-05,291,92519199,313,315.2,285.9
"1079",2022-05-06,288.5,72903127,295.6,296,281
"1080",2022-05-09,262.3,90810219,278.8,281.8,260.3
"1081",2022-05-10,266.6,84401648,273.1,275.1,258
"1082",2022-05-11,244.6,97224460,265,269.9,242.4
"1083",2022-05-12,242.6,140312864,233.6,253.2,226.6
"1084",2022-05-13,256.5,92150739,257.8,262.4,250.5
"1085",2022-05-16,241.4,86098539,255.7,256.5,239.6
"1086",2022-05-17,253.8,80236118,249.1,254.8,242.9
"1087",2022-05-18,236.6,87811809,248.1,253.5,233.6
"1088",2022-05-19,236.4,90296679,235.6,244.6,231.3
"1089",2022-05-20,221.3,144973334,237.9,240.5,211
"1090",2022-05-23,224.9,88903659,218.3,226.6,212.6
"1091",2022-05-24,209.3,89092539,217.8,217.9,206.8
"1092",2022-05-25,219.6,92139339,207.9,223.1,207.6
"1093",2022-05-26,235.9,106003361,220.4,239.5,217.8
"1094",2022-05-27,253.2,89294979,241,253.2,240.1
"1095",2022-05-31,252.7,101914390,257.9,259.6,244.7
"1096",2022-06-01,246.7,77247968,251.7,257.3,243.6
"1097",2022-06-02,258.3,93473139,244.1,264.2,242
"1098",2022-06-03,234.5,112393751,243.2,247.7,233.4
"1099",2022-06-06,238.2,84204518,244.3,244.8,234.3
"1100",2022-06-07,238.8,72808597,234,239.9,230
"1101",2022-06-08,241.8,76210628,240,249.9,239.1
"1102",2022-06-09,239.7,96491320,249.3,255.5,239.3
"1103",2022-06-10,232.2,98090920,235.1,239.5,227.9
"1104",2022-06-13,215.7,102767260,223.1,226.6,214.6
"1105",2022-06-14,220.8,97988800,218.2,226.3,211.7
"1106",2022-06-15,233,119131962,220.9,235.6,218.1
"1107",2022-06-16,213.1,107390711,222.7,225.1,208.6
"1108",2022-06-17,216.7,92641779,213.4,220.9,213.1
"1109",2022-06-21,237,122792982,224.6,243.5,224.3
"1110",2022-06-22,236,101527270,234.5,246.8,233.8
"1111",2022-06-23,235,104202700,237.9,239.3,228.6
"1112",2022-06-24,245.7,95770720,237.4,246,236
"1113",2022-06-27,244.9,89178309,249.3,252,242.5
"1114",2022-06-28,232.6,90666519,244.4,249.9,232.3
"1115",2022-06-29,228.4,82897268,230.5,231.1,222.2
"1116",2022-06-30,224.4,94600449,224.5,229.4,218.8
"1117",2022-07-01,227.2,74460457,227,230.2,222.1
"1118",2022-07-05,233,84779108,223,233.1,216.1
"1119",2022-07-06,231.7,71853637,230.7,234.5,227.1
"1120",2022-07-07,244.5,81930698,233.9,245.3,232.2
"1121",2022-07-08,250.7,101854090,242.3,254.9,241.1
"1122",2022-07-11,234.3,99509230,252.1,253,233.6
"1123",2022-07-12,233,87930969,236.8,239.7,228.3
"1124",2022-07-13,237,97954510,225.5,242,225
"1125",2022-07-14,238.3,78557498,234.8,238.6,229.3
"1126",2022-07-15,240,69683017,240,243.6,236.8
"1127",2022-07-18,240.5,82537448,244.9,250.5,239.6
"1128",2022-07-19,245.5,80890118,245,247.1,236.9
"1129",2022-07-20,247.5,88864089,246.7,250.6,243.4
"1130",2022-07-21,271.7,142032194,255.1,273.2,254.8
"1131",2022-07-22,272.2,103472860,276.2,280.7,270.7
"1132",2022-07-25,268.4,64073526,272.2,274.1,267.4
"1133",2022-07-26,258.8,66820777,266.5,267.3,256.2
"1134",2022-07-27,274.8,88110009,263.8,275.9,261.7
"1135",2022-07-28,280.9,84723008,280,283.3,272.8
"1136",2022-07-29,297.1,95312890,280.7,298.3,279.1
"1137",2022-08-01,297.2,117042912,301.2,311.8,295
"1138",2022-08-02,300.5,95577490,294,307.8,292.6
"1139",2022-08-03,307.3,80091128,305,309.5,301.1
"1140",2022-08-04,308.6,72256327,311,313.6,305
"1141",2022-08-05,288.1,113172911,302.6,304.6,285.5
"1142",2022-08-08,290.4,99365290,295,305.2,289
"1143",2022-08-09,283.3,86244699,290.2,292.3,279.3
"1144",2022-08-10,294.3,94918869,297,297.5,283.3
"1145",2022-08-11,286.6,70155067,296.5,298.2,285.8
"1146",2022-08-12,300,79657298,289.4,300.1,285
"1147",2022-08-15,309.3,89359179,301.7,313.1,301.2
"1148",2022-08-16,306.5,88136319,311.6,314.6,302.8
"1149",2022-08-17,303.9,68765977,303.3,309.6,300
"1150",2022-08-18,302.8,47500535,306,306.5,301.8
"1151",2022-08-19,296.6,61395396,299,300.3,292.5
"1152",2022-08-22,289.9,55843356,291.9,292.4,286.2
"1153",2022-08-23,296.4,63985056,291.4,298.8,287.9
"1154",2022-08-24,297,57259716,297.5,303.6,296.5
"1155",2022-08-25,296,53230010,302.3,302.9,291.6
"1156",2022-08-26,288,57163950,297.4,302,287.4
"1157",2022-08-29,284.8,41864740,282.8,287.7,280.7
"1158",2022-08-30,277.7,50541760,287.8,288.4,272.6
"1159",2022-08-31,275.6,52107340,280.6,281.2,271.8
"1160",2022-09-01,277.1,54287020,272.5,277.5,266.1
"1161",2022-09-02,270.2,50890090,281,282.3,269
"1162",2022-09-06,274.4,55859980,272.6,275.9,265.7
"1163",2022-09-07,283.7,50028920,273.1,283.8,272.2
"1164",2022-09-08,289.2,53713120,281.3,289.5,279.7
"1165",2022-09-09,299.6,54470850,291.6,299.8,291.2
"1166",2022-09-12,304.4,48674600,300.7,305.4,300.4
"1167",2022-09-13,292.1,68229620,292.9,297.3,290.4
"1168",2022-09-14,302.6,72628650,292.2,306,291.6
"1169",2022-09-15,303.7,64795520,301.8,309.1,300.7
"1170",2022-09-16,303.3,87087790,299.6,303.7,295.6
"1171",2022-09-19,309,60231160,300,309.8,297.8
"1172",2022-09-20,308.7,61642780,306.9,313.3,305.5
"1173",2022-09-21,300.8,62555660,308.2,313.8,300.6
"1174",2022-09-22,288.5,70545410,299.8,301.2,285.8
"1175",2022-09-23,275.3,63748360,283,284.5,272.8
"1176",2022-09-26,276,58076910,271.8,284,270.3
"1177",2022-09-27,282.9,61925190,283.8,288.6,277.5
"1178",2022-09-28,287.8,54664810,283,289,277.5
"1179",2022-09-29,268.2,77620640,282.7,283.6,265.7
"1180",2022-09-30,265.2,67726600,266.1,275.5,262.4
"1181",2022-10-03,242.4,98363540,254.5,255.1,241
"1182",2022-10-04,249.4,109578500,250.5,257.5,242
"1183",2022-10-05,240.8,86982670,245,246.6,233.2
"1184",2022-10-06,238.1,69298440,239.4,244.5,235.3
"1185",2022-10-07,223,83916800,233.9,234.5,222
"1186",2022-10-10,222.9,67925020,223.9,226.9,218.3
"1187",2022-10-11,216.5,77013200,220.9,225.7,215
"1188",2022-10-12,217.2,66860700,215.3,219.2,211.5
"1189",2022-10-13,221.7,91483050,208.3,222.9,206.2
"1190",2022-10-14,204.9,94124510,224,226.2,204.1
"1191",2022-10-17,219.3,79428810,210,221.8,209.4
"1192",2022-10-18,220.1,75891910,229.5,229.8,217.2
"1193",2022-10-19,222,66571480,219.8,222.9,217.7
"1194",2022-10-20,207.2,117798100,208.2,215.5,202
"1195",2022-10-21,214.4,75713750,206.4,214.6,203.8
"1196",2022-10-24,211.2,100446800,205.8,213.5,198.5
"1197",2022-10-25,222.4,96507870,210.1,224.3,210
"1198",2022-10-26,224.6,85327080,219.4,230.6,218.2
"1199",2022-10-27,225,61638820,229.7,233.8,222.8
"1200",2022-10-28,228.5,69152390,225.4,228.8,216.3
"1201",2022-10-31,227.5,61554340,226.1,229.8,221.9
"1202",2022-11-01,227.8,62688820,234,237.3,227.2
"1203",2022-11-02,214.9,63070290,226,227.8,214.8
"1204",2022-11-03,215.3,56538850,211.3,221.2,210.1
"1205",2022-11-04,207.4,98622210,222.6,223.8,203
"1206",2022-11-07,197,93916520,208.6,208.9,196.6
"1207",2022-11-08,191.3,128803400,194,195.2,186.7
"1208",2022-11-09,177.5,127062700,190.7,195.8,177.1
"1209",2022-11-10,190.7,132703000,189.9,191,180
"1210",2022-11-11,195.9,114403600,186,196.5,182.5
"1211",2022-11-14,190.9,92226650,192.7,195.7,186.3
"1212",2022-11-15,194.4,91293790,195.8,200.8,192
"1213",2022-11-16,186.9,66567600,191.5,192.5,185.6
"1214",2022-11-17,183.1,64335970,183.9,186.1,180.9
"1215",2022-11-18,180.1,76048870,185,185.1,176.5
"1216",2022-11-21,167.8,92882710,175.8,176.7,167.5
"1217",2022-11-22,169.9,78452330,168.6,170.9,166.1
"1218",2022-11-23,183.2,109536700,173.5,183.6,172.5
"1219",2022-11-25,182.8,50672740,185,185.2,180.6
"1220",2022-11-28,182.9,93038150,179.9,188.5,179
"1221",2022-11-29,180.8,83357110,184.9,186.3,178.7
"1222",2022-11-30,194.7,109186400,182.4,194.7,180.6
"1223",2022-12-01,194.7,80046210,197,198.9,191.8
"1224",2022-12-02,194.8,73645920,191.7,196.2,191.1
"1225",2022-12-05,182.4,93122670,189.4,191.2,180.5
"1226",2022-12-06,179.8,92150820,181.2,183.6,175.3
"1227",2022-12-07,174,84213280,175,179.3,172.2
"1228",2022-12-08,173.4,97624490,172.2,175.2,169
"1229",2022-12-09,179,104872300,173.8,182.5,173.3
"1230",2022-12-12,167.8,109794500,176.1,177.3,167.5
"1231",2022-12-13,160.9,175862700,174.8,175,156.9
"1232",2022-12-14,156.8,140682300,159.2,161.6,155.3
"1233",2022-12-15,157.6,122334500,153.4,160.9,153.2
"1234",2022-12-16,150.2,139032200,159.6,160.9,150
"1235",2022-12-19,149.8,139390600,154,155.2,145.8
"1236",2022-12-20,137.8,159563300,146,148.4,137.6
"1237",2022-12-21,137.5,145417400,139.3,141.2,135.8
"1238",2022-12-22,125.3,210090300,136,136.6,122.2
"1239",2022-12-23,123.1,166989700,126.3,128.6,121
"1240",2022-12-27,109.1,208643400,117.4,119.6,108.7
"1241",2022-12-28,112.7,221070500,110.3,116.2,108.2
"1242",2022-12-29,121.8,221923300,120.3,123.5,117.4
"1243",2022-12-30,123.1,157777300,119.9,124.4,119.7
"1244",2023-01-03,108.1,231402800,118.4,118.8,104.6
"1245",2023-01-04,113.6,180389000,109.1,114.5,107.5
"1246",2023-01-05,110.3,157986300,110.5,111.7,107.1
"1247",2023-01-06,113,220911100,103,114.3,101.8
"1248",2023-01-09,119.7,190284000,118.9,123.5,117.1
"1249",2023-01-10,118.8,167642500,121,122.7,114.9
"1250",2023-01-11,123.2,183810800,122,125.9,120.5
"1251",2023-01-12,123.5,169400900,122.5,124.1,117
"1252",2023-01-13,122.4,180714100,116.5,122.6,115.6
"1253",2023-01-17,131.4,186477000,125.6,131.7,125
"1254",2023-01-18,128.7,195680300,136.5,136.6,127
"1255",2023-01-19,127.1,170291900,127.2,129.9,124.3
"1256",2023-01-20,133.4,138858100,128.6,133.5,127.3
"1257",2023-01-23,143.7,203119200,135.8,145.3,134.2
"1258",2023-01-24,143.8,158699100,143,146.5,141.1
"1259",2023-01-25,144.4,192734300,141.9,146.4,138
